﻿Year,Make,Model,Price,Miles,Age,Brand,Engine,DriveTrain,Color,Dealership,Location
2020,GMC,Acadia SLT-LOADED!!,23900,82700,6,Domestic,2,Trans: Auto     4WD/AWD,White,Lee Auto Sales,"Spring Grove, MN"
2011,GMC,Acadia SLT,3495,226142,15,Domestic,"V6, 3.6 Liter",Trans: Auto     4WD/AWD,Silver,Southwest Sales,"Austin, MN"
2016,GMC,Acadia Denali,15995,89279,10,Domestic,3.6L V6 DOHC 24V,Trans: Auto     4WD/AWD,Iridium Metallic,Lewiston Auto,"Lewiston, MN"
2023,Toyota,Highlander Limited,40990,31806,3,Foreign,2.4L I4 PDI Turboch...,Trans: Auto     4WD/AWD,Silver,Mosaic Chrysler Dodg..,"Zumbrota, MN"
2023,Toyota,Highlander Limited,39990,68409,3,Foreign,4 Cyl - 2.5 L,Trans: Auto     4WD/AWD,Wind Chill Pearl,Cartime of Owatonna,"Owatonna, MN"
2003,Toyota,Highlander Limited,3999,238835,23,Foreign,3.0L V6 DOHC 24V,Trans: Auto     4WD/AWD,Champagne,Rochester Motorworks,"Rochester, MN"
2023,GMC,Acadia SLT,26648,51613,3,Domestic,2.0L Turbocharged,Trans: Auto     4WD/AWD,Black,Tom Kadlec Chevrolet,"North Branch, MN"
2023,Chevrolet,Traverse LT,32970,30088,3,Domestic,3.6L V6 SIDI VVT,Trans: Auto     4WD/AWD,Black,Rochester Chevrolet,"Rochester, MN"
2012,Chevrolet,Traverse LT 2LT,3995,172584,14,Domestic,3.6L V6 DOHC 24V,Trans: Auto     FWD,White,Rochester Motorworks,"Rochester, MN"
2020,Toyota,Highlander XLE,32795,63725,6,Foreign,2.5L I4 PDI Hybrid ...,Trans: CVT     4WD/AWD,,Mercedes Benz of Roc..,"Rochester, MN"
2023,GMC,Acadia SLE,30914,16668,3,Domestic,2.0L Turbocharged,Trans: Auto     4WD/AWD,Red,Red Wing Chevrolet,"Red Wing, MN"
2025,Chevrolet,Traverse LT,40995,26423,1,Domestic,2.5L I4 Turbocharger,Trans: Auto     4WD/AWD,Black,Dunlap Motors,"Independence, IA"
2013,GMC,Acadia SLE,4999,168488,13,Domestic,3.6L V6 288hp 270ft...,Trans: Auto     4WD/AWD,Blue,Gilly's Auto Sales,"Rochester, MN"
2011,Chevrolet,Traverse LT,5998,180675,15,Domestic,3.6 v-6,Trans: Auto     4WD/AWD,White,"Wheel Man Auto, LLC","Mason City, IA"
2023,GMC,Acadia SLE,33270,16296,3,Domestic,4 Cyl - 2.0 L,Trans: Auto     4WD/AWD,Summit White,Vern Laures Auto Center,"New Hampton, IA"
2023,Chevrolet,Traverse Premier,37777,40241,3,Domestic,3.6L V6 SIDI VVT,Trans: Auto     4WD/AWD,White,"R.W. Pladsen, Inc.","Waukon, IA"
2018,Toyota,Highlander SE,21699,112463,8,Foreign,3.5L V6 DOHC 24V,Trans: Auto     4WD/AWD,Gray,Rochester Chevrolet,"Rochester, MN"
2022,Honda,Pilot Special Edition,34499,30376,4,Foreign,3.5L V6 24V SOHC i-...,Trans: Auto     4WD/AWD,Silver,Tom Kadlec Honda,"Rochester, MN"
2023,Chevrolet,Traverse LT Leather,33995,27668,3,Domestic,3.6L V6 SIDI VVT,Trans: Auto     4WD/AWD,Gray,Red Wing Chevrolet,"Red Wing, MN"
2014,GMC,Acadia SLT-1,7900,190085,12,Domestic,3.6L V6 SIDI,Trans: Auto     4WD/AWD,White,"WEIS GMC, Inc.","Decorah, IA"
2021,Chevrolet,Traverse Premier,22777,113455,5,Domestic,3.6L V6 SIDI VVT,Trans: Auto     4WD/AWD,Red,"R.W. Pladsen, Inc.","Waukon, IA"
2023,GMC,Acadia SLT,26911,51599,3,Domestic,2.0L Turbocharged,Trans: Auto     4WD/AWD,White,Tom Kadlec Chevrolet,"North Branch, MN"
2023,Chevrolet,Traverse LT,25995,69441,3,Domestic,3.6L V6 SIDI VVT,Trans: Auto     4WD/AWD,White,Rochester Chevrolet,"Rochester, MN"
2022,Toyota,Highlander XSE,32999,69415,4,Foreign,6 Cyl - 3.5 L,Trans: Auto     4WD/AWD,Midnight Black Metallic,Cartime of Owatonna,"Owatonna, MN"
2016,Chevrolet,Traverse 2LT,17990,77517,10,Domestic,3.6L V6 DOHC 24V,Trans: Auto     4WD/AWD,White,Theilen Auto Sales,"Mason City, IA"
2024,Chevrolet,Traverse LT,37775,26769,2,Domestic,2.5L L4 DOHC 16V TU...,Trans: Auto     4WD/AWD,White,Rochester Chevrolet,"Rochester, MN"
2018,Chevrolet,Traverse Premier,16900,145102,8,Domestic,3.6L V6 SIDI VVT,Trans: Auto     4WD/AWD,Beige,Brown's of Elkader,"Elkader, IA"
2020,Honda,Pilot EX-L,19499,128829,6,Foreign,3.5L V6 24V SOHC i-...,Trans: Auto     4WD/AWD,Red,Tom Kadlec Honda,"Rochester, MN"
2025,GMC,Acadia,36800,21845,1,Domestic,2.5L 4 Cylinder,Trans: Auto     4WD/AWD,White,Brown's of Elkader,"Elkader, IA"
2023,GMC,Acadia SLT,28000,52093,3,Domestic,2.0L Turbocharged,Trans: Auto     4WD/AWD,Gray,Decorah Chevrolet De..,"Decorah, IA"
2017,Toyota,Highlander LE,16700,137813,9,Foreign,3.5L V6 DOHC 24V,Trans: Auto     4WD/AWD,Black,Adams Auto Sales,"Mankato, MN"
2014,Chevrolet,Traverse LT,4495,175610,12,Domestic,3.6L V6 281hp 266ft...,Trans: Auto     FWD,White,Tom Kadlec Leasing,"Rochester, MN"
2022,Chevrolet,Traverse LT Leather,23600,83521,4,Domestic,3.6L V6 Cylinder,Trans: Auto     FWD,Silver Ice Metallic,Choice Auto,"Carroll, IA"
2017,GMC,Acadia SLT-1,12490,147435,9,Domestic,3.6L V6 SIDI DOHC V...,Trans: Auto     4WD/AWD,White,Rochester Car Cleara..,"Rochester, MN"
2022,Honda,Pilot Touring 7-Passenger,29999,71301,4,Foreign,6 Cyl - 3.5 L,Trans: Auto     4WD/AWD,Sonic Gray Pearl,Cartime of Owatonna,"Owatonna, MN"
2025,Chevrolet,Traverse LT,39995,22992,1,Domestic,"4 Cyl, 2.5L",Trans: Auto     4WD/AWD,Summit White,Lewiston Auto,"Lewiston, MN"
2020,Chevrolet,Traverse LT,17695,122790,6,Domestic,3.6 liter,Trans: Auto     4WD/AWD,Black,Lewis Auto Center,"Floyd, IA"
2023,GMC,Acadia SLT,31499,41611,3,Domestic,3.6L V6 SIDI,Trans: Auto     4WD/AWD,,Tom Kadlec Honda,"Rochester, MN"
2018,GMC,Acadia SLT-1,17900,96543,8,Domestic,3.6L V6 SIDI DOHC V...,Trans: Auto     4WD/AWD,Blue,Decorah Chevrolet De..,"Decorah, IA"
2023,GMC,Acadia Denali,27500,42189,3,Domestic,3.6L V6,Trans: Auto     4WD/AWD,Black,Koster's Car Korner,"Blooming Prairie, MN"
2010,Chevrolet,Traverse LT1,4495,176271,16,Domestic,3.6L V6 DOHC 24V,Trans: Auto     FWD,Silver Ice Metallic,C & C Auto Sales,"Charles City, IA"
2006,Toyota,Highlander Limited,5750,172041,20,Foreign,3.3L V6 DOHC 24V HY...,Trans: CVT     4WD/AWD,Silver,City Auto Sales,"La Crosse, WI"
2016,GMC,Acadia SLE w/SLE-2,11900,112895,10,Domestic,", 3.6L SIDI V6 (281...",Trans: Auto     4WD/AWD,Tan,Southpoint Motors,"Rochester, MN"
2020,Chevrolet,Traverse Premier,23995,60494,6,Domestic,3.6L V6,Trans: Auto     4WD/AWD,White,Koster's Car Korner,"Blooming Prairie, MN"
2017,Chevrolet,Traverse 1LT,8999,100201,9,Domestic,3.6L V6 DOHC 24V,Trans: Auto     FWD,Champagne,Gilly's Auto Sales,"Rochester, MN"
2024,GMC,Acadia Elevation,42900,19893,2,Domestic,2.5L L4 DOHC 16V,Trans: Auto     4WD/AWD,Black,"WEIS GMC, Inc.","Decorah, IA"
2021,Chevrolet,Traverse LT Leather,26500,65001,5,Domestic,3.6L V6 SIDI VVT,Trans: Auto     4WD/AWD,Silver,Red Wing Chevrolet,"Red Wing, MN"
2023,GMC,Acadia SLT,30421,69305,3,Domestic,3.6L V6 SIDI,Trans: Auto     4WD/AWD,Black,Arcadia Motors Chrys..,"Arcadia, WI"
2023,GMC,Acadia,37500,18571,3,Domestic,3.6L V6 Cylinder,Trans: Auto     4WD/AWD,White,Brown's of Elkader,"Elkader, IA"
2017,GMC,Acadia LT w/2LT,11995,132669,9,Domestic,3.6L V6 310hp 271ft...,Trans: Auto     4WD/AWD,Blue,Maverick Auto Sales ..,"Winthrop, MN"
2024,Chevrolet,Traverse AWD RS,46995,37546,2,Domestic,"4 Cyl, 2.5L",Trans: Auto     4WD/AWD,Mosaic Black Metallic,Lewiston Auto,"Lewiston, MN"
2019,GMC,Acadia SLE 2,12595,142577,7,Domestic,"3.6L, V6",Trans: Auto     4WD/AWD,Iridium Metallic,Stateline Auto Sales,"Mabel, MN"
2012,Toyota,Highlander SE,13900,104000,14,Foreign,3.5L V6,Trans: Auto     4WD/AWD,Gray,Trading Post,"Glenville, MN"
2017,GMC,Acadia SLE,11998,107583,9,Domestic,3.6L V6 DOHC 24V,Trans: Auto     4WD/AWD,Sparkling Silver Metallic,Deml Ford Lincoln,"Waseca, MN"
2024,GMC,Acadia Denali,50495,16183,2,Domestic,"4 Cyl, 2.5L",Trans: Auto     4WD/AWD,Sterling Metallic,Lewiston Auto,"Lewiston, MN"
2025,GMC,Acadia Elevation,39900,23091,1,Domestic,2.5L L4 DOHC 16V,Trans: Auto     4WD/AWD,White,Decorah Chevrolet De..,"Decorah, IA"
2023,Chevrolet,Traverse LS,25500,61462,3,Domestic,3.6L V6 Cylinder,Trans: Auto     4WD/AWD,Northsky Blue Metallic,Choice Auto,"Carroll, IA"
2007,Honda,Pilot EX-L,8999,115989,19,Foreign,3.5L V6 SOHC 24V,Trans: Auto     4WD/AWD,Gray,Rochester Motorworks,"Rochester, MN"
2021,Toyota,Highlander XLE,29490,98687,5,Foreign,3.5L V6 DOHC,Trans: Auto     4WD/AWD,Black,Austin Ford Chrysler,"Austin, MN"
2023,Chevrolet,Traverse LT Leather,29999,59677,3,Domestic,3.6L V6 SIDI VVT,Trans: Auto     4WD/AWD,White,Rochester Chevrolet,"Rochester, MN"
2023,GMC,Acadia SLT,32528,42640,3,Domestic,3.6L V6 SIDI,Trans: Auto     4WD/AWD,Silver,Tom Kadlec Chevrolet,"North Branch, MN"
2009,Honda,Pilot EX-L,3990,252454,17,Foreign,3.5L V6 SOHC i-VTEC...,Trans: Auto     4WD/AWD,Silver,Rochester Car Cleara..,"Rochester, MN"
2020,Toyota,Highlander XLE,28990,68675,6,Foreign,6 Cyl - 3.5 L,Trans: Auto     4WD/AWD,Midnight Black Metallic,Cartime of Owatonna,"Owatonna, MN"
2017,Toyota,Highlander XLE,19999,131139,9,Foreign,3.5L V6 DOHC 24V,Trans: Auto     4WD/AWD,Gray,Tom Kadlec Honda,"Rochester, MN"
2015,Honda,Pilot EX-L,11500,124804,11,Foreign,3.5L V6 SOHC 24V,Trans: Auto     4WD/AWD,Gray,Chatfield Motors,"Chatfield, MN"
2017,Chevrolet,Traverse,7950,137851,9,Domestic,3.6L V6 DOHC 24V,Trans: Auto     4WD/AWD,Silver,Rochester Motorworks,"Rochester, MN"
2013,Honda,Pilot LX,6492,196000,13,Foreign,3.5L V6 SOHC 24V,Trans: Auto     4WD/AWD,Black,Arrow Motors,"Rochester, MN"
2023,GMC,Acadia SLT,36995,7343,3,Domestic,3.6L V6 DOHC 24V,Trans: Auto     4WD/AWD,Sterling Metallic,Lewiston Auto,"Lewiston, MN"
2023,Toyota,Highlander Others,35467,53924,3,Foreign,"4 Cyl, 2.4L",Trans: Auto     4WD/AWD,Blueprint,Sugar Loaf Ford Lincoln,"Winona, MN"
2013,Chevrolet,Traverse 1LT,7999,121590,13,Domestic,3.6L V6 DOHC 24V,Trans: Auto     4WD/AWD,White,Rochester Motorworks,"Rochester, MN"
2025,Honda,Pilot TrailSport,43999,13565,1,Foreign,3.5L V6 DOHC 24V,Trans: Auto     4WD/AWD,Blue,Tom Kadlec Honda,"Rochester, MN"
2020,GMC,Acadia SLE,17999,115485,6,Domestic,6 Cyl - 3.6 L,Trans: Auto     4WD/AWD,Quicksilver Metallic,Cartime of Owatonna,"Owatonna, MN"
2024,Chevrolet,Traverse LT,45900,7487,2,Domestic,2.5L 4 Cylinder,Trans: Auto     4WD/AWD,White,Brown's of Elkader,"Elkader, IA"
2018,Toyota,Highlander SE,24900,80288,8,Foreign,3.5L V6 DOHC 24V,Trans: Auto     4WD/AWD,White,Adams Auto Sales,"Mankato, MN"
2023,GMC,Acadia SLT,34450,18990,3,Domestic,3.6L V6 DOHC 24V,Trans: Auto     4WD/AWD,Summit White,Lewiston Auto,"Lewiston, MN"
2024,Chevrolet,Traverse Z71,44318,22396,2,Domestic,2.5L L4 DOHC 16V TU...,Trans: Auto     4WD/AWD,Black,"R.W. Pladsen, Inc.","Waukon, IA"
2017,GMC,Acadia Denali,14900,139690,9,Domestic,", 3.6L V6, SIDI, DO...",Trans: Auto     4WD/AWD,White,Southpoint Motors,"Rochester, MN"
2022,Chevrolet,Traverse LT,28499,41679,4,Domestic,3.6L V6 SIDI VVT,Trans: Auto     4WD/AWD,Blue,Rochester Chevrolet,"Rochester, MN"
2019,GMC,Acadia SLT-1,21995,66467,7,Domestic,3.6L V6 SIDI,Trans: Auto     4WD/AWD,White,Red Wing Chevrolet,"Red Wing, MN"
2020,Chevrolet,Traverse Premier,28460,63301,6,Domestic,3.6L V6 SIDI VVT,Trans: Auto     4WD/AWD,Black,Tom Kadlec Chevrolet,"North Branch, MN"
2023,GMC,Acadia SLE,31899,24622,3,Domestic,4 Cylinder,Trans: Auto     4WD/AWD,Sterling Metallic,Birdnow Chevrolet,"Monona, IA"
2023,Chevrolet,Traverse LT,31999,26918,3,Domestic,3.6L V6 SIDI VVT,Trans: Auto     4WD/AWD,Gray,Rochester Chevrolet,"Rochester, MN"
2023,Chevrolet,Traverse RS,38995,29786,3,Domestic,3.6L V6 310hp 266ft...,Trans: Auto     4WD/AWD,Gray,Dunlap Motors,"Independence, IA"
2019,Chevrolet,Traverse LT,14149,158165,7,Domestic,3.6L V6 SIDI VVT,Trans: Auto     4WD/AWD,Gray,Red Wing Chevrolet,"Red Wing, MN"
2023,Chevrolet,Traverse Premier,39995,29898,3,Domestic,6 Cyl - 3.6 L,Trans: Auto     4WD/AWD,Radiant Red Tintcoat,Vern Laures Auto Center,"New Hampton, IA"
2011,Chevrolet,Traverse LT,4200,163713,15,Domestic,3.6L V6 DOHC 24V,Trans: Auto     4WD/AWD,Red,Legacy Rides,"Pine Island, MN"
2018,Chevrolet,Traverse Premier,12999,160521,8,Domestic,3.6L V6 SIDI VVT,Trans: Auto     4WD/AWD,White,Elizabeth Chevrolet,"Truman, MN"
2017,Honda,Pilot EX-L w/Navigation,20700,71371,9,Foreign,3.5L V6 SOHC 24V,Trans: Auto     4WD/AWD,Gray,Adams Auto Sales,"Mankato, MN"
2023,GMC,Acadia Denali,35880,48463,3,Domestic,3.6L V6 SIDI,Trans: Auto     4WD/AWD,White,"WEIS GMC, Inc.","Decorah, IA"
2023,Chevrolet,Traverse LT Leather,27900,71007,3,Domestic,3.6L V6 Cylinder,Trans: Auto     4WD/AWD,Sterling Gray Metallic,Choice Auto,"Carroll, IA"
2016,Chevrolet,Traverse,5500,143000,10,Domestic,3.6 V/6,Trans: Auto     4WD/AWD,,Amherst Auto,"Canton, MN"
2019,Chevrolet,Traverse Premier,21500,120939,7,Domestic,3.6L V6 DOHC 24V,Trans: Auto     4WD/AWD,White,Waukon Auto & Truck ..,"Waukon, IA"
2015,GMC,Acadia Denali,15467,83240,11,Domestic,3.6L V6 DOHC 24V,Trans: Auto     4WD/AWD,Iridium Metallic,Kuehn Motors - Roche..,"Rochester, MN"
2024,Chevrolet,Traverse LT,36999,45534,2,Domestic,4 Cyl - 2.5 L,Trans: Auto     4WD/AWD,Sterling Gray Metallic,Cartime of Owatonna,"Owatonna, MN"
2012,Chevrolet,Traverse LTZ,4999,144007,14,Domestic,3.6L V6 SIDI,Trans: Auto     4WD/AWD,White,Owatonna Motor Company,"Owatonna, MN"
2020,Toyota,Highlander XLE,24995,101035,6,Foreign,3.5L V6 DOHC 24V,Trans: Auto     4WD/AWD,Celestial Silver Metallic,McCabe Motors,"Owatonna, MN"
2013,Toyota,Highlander Limited,8950,242005,13,Foreign,3.5L V6 DOHC 24V,Trans: Auto     4WD/AWD,White,City Auto Sales,"La Crosse, WI"
2022,Honda,Pilot Touring,36995,19925,4,Foreign,3.5L V6 24V SOHC i-...,Trans: Auto     4WD/AWD,White,Red Wing Chevrolet,"Red Wing, MN"
2021,Chevrolet,Traverse Premier,30995,63383,5,Domestic,6 Cyl - 3.6 L,Trans: Auto     4WD/AWD,Iridescent Pearl Tricoat,Vern Laures Auto Center,"New Hampton, IA"
2021,Chevrolet,Traverse Premier,33495,48567,5,Domestic,V6 3.6 Liter,Trans: Auto     4WD/AWD,Silver Ice,Ollenburg Motors,"Garner, IA"
2012,Honda,Pilot LT,4999,207000,14,Foreign,V6,Trans: Auto     FWD,,B.W. Auto Sales,"Waterville, MN"
2016,Chevrolet,Traverse 2LT,13290,95953,10,Domestic,3.6L V6 SIDI,Trans: Auto     4WD/AWD,Gray,Rochester Car Cleara..,"Rochester, MN"
2022,Chevrolet,Traverse LT Leather,34500,30733,4,Domestic,3.6L V6 SIDI VVT,Trans: Auto     4WD/AWD,White,Decorah Chevrolet De..,"Decorah, IA"
2023,GMC,Acadia Denali,38850,33564,3,Domestic,3.6L V6 SIDI,Trans: Auto     4WD/AWD,White,Asa Auto Plaza,"Austin, MN"
2018,Chevrolet,Traverse LT,17000,92010,8,Domestic,3.6L V6 SIDI VVT,Trans: Auto     4WD/AWD,Red,Decorah Chevrolet De..,"Decorah, IA"
2023,Chevrolet,Traverse LT,34997,13701,3,Domestic,3.6L V6 SIDI VVT,Trans: Auto     4WD/AWD,White,Tom Kadlec Chevrolet,"North Branch, MN"
2018,Chevrolet,Traverse Premier,19500,99945,8,Domestic,3.6L V6 DOHC 24V,Trans: Auto     4WD/AWD,White,Adams Auto Sales,"Mankato, MN"
2023,GMC,Acadia SLE,31365,19500,3,Domestic,2.0L Turbocharged,Trans: Auto     4WD/AWD,Gray,Arcadia Motors Chrys..,"Arcadia, WI"
2023,GMC,Acadia SLT,29500,44005,3,Domestic,2.0L Turbocharged,Trans: Auto     4WD/AWD,Black,Decorah Chevrolet De..,"Decorah, IA"
2015,Toyota,Highlander Limited,16953,152568,11,Foreign,3.5L V6 DOHC 24V,Trans: Auto     4WD/AWD,Attitude Black Metallic,Kuehn Motors - Roche..,"Rochester, MN"
2017,Chevrolet,Traverse LT w/1LT,13495,97613,9,Domestic,3.6L V6 DOHC 24V,Trans: Auto     4WD/AWD,Charcoal,Dunlap Motors,"Independence, IA"
2014,Chevrolet,Traverse LT,4599,195217,12,Domestic,3.6L V6 SIDI,Trans: Auto     4WD/AWD,White,Elizabeth Chevrolet,"Truman, MN"
2015,GMC,Acadia SLT w/SLT-1,4900,221950,11,Domestic,", 3.6L SIDI V6 (281...",Trans: Auto     4WD/AWD,White,Albertson Auto Center,"Spillville, IA"
2025,GMC,Acadia Elevation,37000,21041,1,Domestic,2.5L L4 DOHC 16V,Trans: Auto     4WD/AWD,Brown,Decorah Chevrolet De..,"Decorah, IA"
2025,GMC,Acadia Denali,57603,8304,1,Domestic,2.5L L4 DOHC 16V,Trans: Auto     4WD/AWD,Blue,Asa Auto Plaza,"Jackson, MN"
2023,GMC,Acadia AT4,35274,29460,3,Domestic,3.6L V6 SIDI,Trans: Auto     4WD/AWD,Black,Tom Kadlec Chevrolet,"North Branch, MN"
2016,GMC,Acadia SLT-1,9995,145390,10,Domestic,"V6, 3.6 Liter",Trans: Auto     4WD/AWD,Black,Northgate Imports,"Rochester, MN"
2021,Toyota,Highlander Platinum,42990,27538,5,Foreign,2.5L I4 PDI Hybrid ...,Trans: CVT     4WD/AWD,Blue,Mosaic Chrysler Dodg..,"Zumbrota, MN"
2016,Chevrolet,Traverse LT w/1LT,6895,161759,10,Domestic,3.6L V6 281hp 266ft...,Trans: Auto     4WD/AWD,Black,C & C Auto Sales,"Charles City, IA"
2017,Chevrolet,Traverse PREMIER AWD,11795,134723,9,Domestic,3.6 LITER V6,Trans: Auto     4WD/AWD,Siren Red Tintcoat,Rodas Chevrolet,"Strawberry Point, IA"
2023,Chevrolet,Traverse RS,31999,68895,3,Domestic,6 Cyl - 3.6 L,Trans: Auto     4WD/AWD,Iridescent Pearl Tricoat,Cartime of Owatonna,"Owatonna, MN"
2025,GMC,Acadia Elevation,38000,20234,1,Domestic,2.5L L4 DOHC 16V,Trans: Auto     4WD/AWD,Silver,Decorah Chevrolet De..,"Decorah, IA"
2015,Honda,Pilot LX,7441,241433,11,Foreign,3.5L V6 24V SOHC i-...,Trans: Auto     4WD/AWD,Blue,Tom Kadlec Honda,"Rochester, MN"
2011,GMC,Acadia SLT-1,3999,220112,15,Domestic,3.6L V6 DOHC 24V,Trans: Auto     4WD/AWD,Black,Gilly's Auto Sales,"Rochester, MN"
2013,Toyota,Highlander Plus,10895,191989,13,Foreign,"V6, 3.5 Liter",Trans: Auto     4WD/AWD,White,Northgate Imports,"Rochester, MN"
2018,Chevrolet,Traverse LT,13998,138724,8,Domestic,3.6L V6 SIDI VVT,Trans: Auto     4WD/AWD,White,Elizabeth Chevrolet,"Truman, MN"
2020,Chevrolet,Traverse LT Cloth,23990,68879,6,Domestic,6 Cyl - 3.6 L,Trans: Auto     4WD/AWD,Black Cherry Metallic,Cartime of Owatonna,"Owatonna, MN"
2018,GMC,Acadia SLT,16500,98929,8,Domestic,3.6L V6,Trans: Auto     4WD/AWD,White,Koster's Car Korner,"Blooming Prairie, MN"
2020,Chevrolet,Traverse High Country,25000,82000,6,Domestic,3.6L V6 DOHC 24V,Trans: Auto     4WD/AWD,Summit White,Park Place Motor Cars,"Rochester, MN"
2025,Chevrolet,Traverse RS,52997,11408,1,Domestic,2.5L L4 DOHC 16V TU...,Trans: Auto     4WD/AWD,White,Asa Auto Plaza,"Jackson, MN"
2023,GMC,Acadia SLT,28763,50307,3,Domestic,2.0L Turbocharged,Trans: Auto     4WD/AWD,White,"WEIS GMC, Inc.","Decorah, IA"
2021,Chevrolet,Traverse Premier,23995,105148,5,Domestic,6 Cyl - 3.6 L,Trans: Auto     FWD,Silver Ice Metallic,Vern Laures Auto Center,"New Hampton, IA"
2019,GMC,Acadia SLE w/SLE-2,21900,59092,7,Domestic,"3.6L V6, SIDI, DOHC",Trans: Auto     4WD/AWD,Blue,Southpoint Motors,"Rochester, MN"
2025,Chevrolet,Traverse LT,39900,26058,1,Domestic,2.5L 4 Cylinder,Trans: Auto     4WD/AWD,Gray,Brown's of Elkader,"Elkader, IA"
2021,Chevrolet,Traverse LT Leather,23269,91393,5,Domestic,3.6L V6 SIDI VVT,Trans: Auto     4WD/AWD,White,Asa Auto Plaza,"Jackson, MN"
2025,Chevrolet,Traverse AWD LT,37995,11407,1,Domestic,4 Cyl - 2.5 L,Trans: Auto     4WD/AWD,Summit White,Vern Laures Auto Center,"New Hampton, IA"
2021,Toyota,Highlander XLE,35987,27965,5,Foreign,3.5L V6 DOHC 24V,Trans: Auto     4WD/AWD,Blizzard Pearl,Kuehn Motors - Roche..,"Rochester, MN"
2021,Toyota,Highlander Platinum,35695,67356,5,Foreign,3.5L V6 DOHC,Trans: Auto     4WD/AWD,Gray,Rochester Chevrolet,"Rochester, MN"
2021,GMC,Acadia SLT,27900,42582,5,Domestic,3.6L V6 SIDI,Trans: Auto     4WD/AWD,Gray,"WEIS GMC, Inc.","Decorah, IA"
2019,Chevrolet,Traverse LT Leather,17995,124851,7,Domestic,6 Cyl - 3.6 L,Trans: Auto     4WD/AWD,Silver Ice Metallic,Vern Laures Auto Center,"New Hampton, IA"
2020,Chevrolet,Traverse LT,17997,114289,6,Domestic,3.6L V6 DOHC 24V,Trans: Auto     4WD/AWD,Mosaic Black Metallic,Kuehn Motors - Roche..,"Rochester, MN"
2023,GMC,Acadia SLT,31190,62148,3,Domestic,3.6L V6 SIDI,Trans: Auto     4WD/AWD,Black,Tom Kadlec Chevrolet,"North Branch, MN"
2012,GMC,Acadia Denali,5999,231679,14,Domestic,3.6L V6 288hp 270ft...,Trans: Auto     4WD/AWD,White,Tom Kadlec Leasing,"Rochester, MN"
2020,Honda,Pilot EX-L,22499,95857,6,Foreign,3.5L V6 24V SOHC i-...,Trans: Auto     4WD/AWD,Black,Tom Kadlec Honda,"Rochester, MN"
2019,Chevrolet,Traverse LT,20950,76103,7,Domestic,3.6L V6 SIDI VVT,Trans: Auto     4WD/AWD,Red,Asa Auto Plaza,"Austin, MN"
2022,Chevrolet,Traverse Premier,34641,50891,4,Domestic,3.6L V6 SIDI VVT,Trans: Auto     4WD/AWD,Black,"R.W. Pladsen, Inc.","Waukon, IA"
2016,Honda,Pilot EXL,13995,118349,10,Foreign,"V6, i-VTEC, 3.5 Lit...",Trans: Auto     4WD/AWD,Gray,Southwest Sales,"Austin, MN"
2022,Chevrolet,Traverse LT Feather,23995,101792,4,Domestic,6 Cyl - 3.6 L,Trans: Auto     4WD/AWD,Summit White,Vern Laures Auto Center,"New Hampton, IA"
2012,GMC,Acadia Denali,8495,101490,14,Domestic,3.6L V6 288hp 270ft...,Trans: Auto     4WD/AWD,Quicksilver Metallic,C & C Auto Sales,"Charles City, IA"
2017,Chevrolet,Traverse LT,14990,60800,9,Domestic,3.6L V6 DOHC 24V,Trans: Auto     4WD/AWD,Blue,Tri State Auto Outlet,"Hokah, MN"
2014,Chevrolet,Traverse LT,5995,217222,12,Domestic,3.6L V6 281hp 266ft...,Trans: Auto     4WD/AWD,Black Granite Metallic,C & C Auto Sales,"Charles City, IA"
2012,Honda,Pilot Touring,11591,166492,14,Foreign,3.5L V6 SOHC i-VTEC...,Trans: Auto     4WD/AWD,Gray,Rochester Car Cleara..,"Rochester, MN"
2023,GMC,Acadia SLT,28900,40465,3,Domestic,2.0L Turbocharged,Trans: Auto     4WD/AWD,White,Decorah Chevrolet De..,"Decorah, IA"
2022,Chevrolet,Traverse LT Leather,29255,67052,4,Domestic,3.6L V6 SIDI VVT,Trans: Auto     4WD/AWD,White,Red Wing Chevrolet,"Red Wing, MN"
2022,Chevrolet,Traverse LT,28999,31591,4,Domestic,3.6L V6 SIDI VVT,Trans: Auto     4WD/AWD,Blue,Rochester Chevrolet,"Rochester, MN"
2006,Toyota,Highlander V6,5995,165329,20,Foreign,3.3L V6 MPI DOHC,Trans: CVT     4WD/AWD,,Red Wing Chevrolet,"Red Wing, MN"
2014,Toyota,Highlander XLE,15999,153665,12,Foreign,6 Cyl - 3.5 L,Trans: Auto     4WD/AWD,Predawn Gray Mica,Cartime of Owatonna,"Owatonna, MN"
2015,GMC,Acadia Denali,4999,192388,11,Domestic,3.6L V6 DOHC 24V,Trans: Auto     FWD,Off White,Gilly's Auto Sales,"Rochester, MN"
2016,GMC,Acadia SLT-1,4999,186509,10,Domestic,3.6L V6 DOHC 24V,Trans: Auto     FWD,Gray,Gilly's Auto Sales,"Rochester, MN"
2013,GMC,Acadia SLE-1,4940,207002,13,Domestic,3.6L V6 DOHC 24V,Trans: Auto     FWD,Blue,City Auto Sales,"La Crosse, WI"
2021,GMC,Acadia Denali,30144,51682,5,Domestic,3.6L V6 SIDI,Trans: Auto     4WD/AWD,Black,Tom Kadlec Chevrolet,"North Branch, MN"
2013,Honda,Pilot EX,9999,146000,13,Foreign,3.5L V6,Trans: Auto     4WD/AWD,Obsidian Blue Pearl,"Shortline Auto, Inc .","Rochester, MN"
2022,Chevrolet,Traverse Premier,33950,52879,4,Domestic,3.6L V6 SIDI VVT,Trans: Auto     4WD/AWD,Red,Asa Auto Plaza,"Austin, MN"
2018,Honda,Pilot EX-L,19500,111341,8,Foreign,3.5L V6 Cylinder,Trans: Auto     4WD/AWD,Modern Steel Metallic,Choice Auto,"Carroll, IA"
2019,Toyota,Highlander,29450,80393,7,Foreign,3.5L V6 DOHC 24V,Trans: Auto     4WD/AWD,Celestial Silver Metallic,Kuehn Motors - Austin,"Austin, MN"
2023,Chevrolet,Traverse Premier,35995,73402,3,Domestic,3.6L V6 DOHC 24V,Trans: Auto     4WD/AWD,Gray,Dunlap Motors,"Independence, IA"
2023,Chevrolet,Traverse LT,32775,36049,3,Domestic,3.6L V6 SIDI VVT,Trans: Auto     4WD/AWD,Blue,Rochester Chevrolet,"Rochester, MN"
2023,Chevrolet,Traverse RS,36999,23337,3,Domestic,3.6L V6 SIDI VVT,Trans: Auto     4WD/AWD,Black,Rochester Chevrolet,"Rochester, MN"
2017,GMC,Acadia SLE-2,12995,113241,9,Domestic,2.5L 4-Cylinder DGI...,Trans: Auto     FWD,Red,Red Wing Chevrolet,"Red Wing, MN"
2022,Toyota,Highlander XLE,38458,19579,4,Foreign,3.5L V6 DOHC,Trans: Auto     4WD/AWD,Gray,Red Wing Chevrolet,"Red Wing, MN"
2020,Chevrolet,Traverse Premier,25499,69880,6,Domestic,3.6L V6 SIDI VVT,Trans: Auto     4WD/AWD,,Tom Kadlec Honda,"Rochester, MN"
2022,Chevrolet,Traverse LT Leather,29870,40832,4,Domestic,3.6L V6 SIDI VVT,Trans: Auto     4WD/AWD,Red,Rochester Chevrolet,"Rochester, MN"
2024,Chevrolet,Traverse Z71,45995,20069,2,Domestic,"4 Cyl, 2.5L",Trans: Auto     4WD/AWD,Sterling Gray Metallic,Lewiston Auto,"Lewiston, MN"
2023,GMC,Acadia SLT,35995,22918,3,Domestic,2.0L I4 Turbocharger,Trans: Auto     4WD/AWD,Black,Dunlap Motors,"Independence, IA"
2023,Honda,Pilot Elite,40999,53830,3,Foreign,3.5L V6 DOHC 24V,Trans: Auto     4WD/AWD,,Tom Kadlec Honda,"Rochester, MN"
2022,Chevrolet,Traverse LT,28800,39619,4,Domestic,3.6L V6 SIDI VVT,Trans: Auto     4WD/AWD,Red,Tom Kadlec Chevrolet,"North Branch, MN"
2025,GMC,Acadia Elevation,37900,21088,1,Domestic,2.5L 4 Cylinder,Trans: Auto     4WD/AWD,Brown,Brown's of Elkader,"Elkader, IA"
2023,GMC,Acadia,30500,28521,3,Domestic,2.0L 4 Cylinder,Trans: Auto     4WD/AWD,White,Brown's of Elkader,"Elkader, IA"
2023,Chevrolet,Traverse Premier,36682,52706,3,Domestic,3.6L V6 SIDI VVT,Trans: Auto     4WD/AWD,White,"WEIS GMC, Inc.","Decorah, IA"
2019,Chevrolet,Traverse LT LEATHER AWD,13495,162224,7,Domestic,3.6 LITER V6 GAS,Trans: Auto     4WD/AWD,Black Metallic,Rodas Chevrolet,"Strawberry Point, IA"
2020,GMC,Acadia SLE-1,22890,64127,6,Domestic,V6 3.6 Liter,Trans: Auto     4WD/AWD,White,Keenans' Cherryland,"Holmen, WI"
2023,GMC,Acadia SLE,32449,15806,3,Domestic,2.0L Turbocharged,Trans: Auto     4WD/AWD,Red,"R.W. Pladsen, Inc.","Waukon, IA"
2024,Chevrolet,Traverse RS,51495,7035,2,Domestic,"4 Cyl, 2.5L",Trans: Auto     4WD/AWD,Radiant Red Tintcoat,Lewiston Auto,"Lewiston, MN"
2020,Chevrolet,Traverse LT,17997,114289,6,Domestic,3.6L V6 DOHC 24V,Trans: Auto     4WD/AWD,Mosaic Black Metallic,Kuehn Motors - Austin,"Austin, MN"
2023,GMC,Acadia SLE,31940,24260,3,Domestic,4 Cyl - 2.0 L,Trans: Auto     4WD/AWD,Ultra Blue Metallic,Vern Laures Auto Center,"New Hampton, IA"
2020,Chevrolet,Traverse 3LT,21250,93630,6,Domestic,3.6L V6 SIDI VVT,Trans: Auto     4WD/AWD,White,Austin Ford Chrysler,"Austin, MN"
2012,GMC,Acadia Denali,10900,125077,14,Domestic,", 3.6L SIDI V6 (288...",Trans: Auto     4WD/AWD,White,Southpoint Motors,"Rochester, MN"
2024,Chevrolet,Traverse RS,51900,18871,2,Domestic,2.5L 4 Cylinder,Trans: Auto     4WD/AWD,Black,Brown's of Elkader,"Elkader, IA"
2008,Toyota,Highlander Limited,6995,243807,18,Foreign,3.5L V6 DOHC 24V,Trans: Auto     4WD/AWD,Classic Silver Metallic,Kuehn Motors - Roche..,"Rochester, MN"
2021,Toyota,Highlander XLE,30490,70972,5,Foreign,3.5L V6 DOHC,Trans: Auto     4WD/AWD,Gray,Mosaic Chrysler Dodg..,"Zumbrota, MN"
2020,Chevrolet,Traverse LT,13900,145703,6,Domestic,"V6, 3.6 Liter",Trans: Auto     4WD/AWD,,Countryside Auto,"Austin, MN"
2017,GMC,Acadia Limited,11990,131044,9,Domestic,3.6L V6 SIDI,Trans: Auto     4WD/AWD,Gray,Rochester Car Cleara..,"Rochester, MN"
2013,Chevrolet,Traverse LTZ,6995,214508,13,Domestic,3.6L V6 DOHC 24V,Trans: Auto     4WD/AWD,White,Chaddock Auto Sales,"Rochester, MN"
2010,Chevrolet,Traverse 2LT,5990,142327,16,Domestic,3.6L V6 SIDI,Trans: Auto     4WD/AWD,Red,Rochester Car Cleara..,"Rochester, MN"
2023,Chevrolet,Traverse LT Leather,35995,24158,3,Domestic,3.6L V6 SIDI VVT,Trans: Auto     4WD/AWD,Black,Red Wing Chevrolet,"Red Wing, MN"
2024,GMC,Acadia AT4,48950,9531,2,Domestic,2.5L L4 DOHC 16V,Trans: Auto     4WD/AWD,Red,Asa Auto Plaza,"Austin, MN"
2017,Chevrolet,Traverse 1LT,13995,132638,9,Domestic,3.6L V6 DOHC 24V,Trans: Auto     4WD/AWD,Silver,Dunlap Motors,"Independence, IA"
2021,Chevrolet,Traverse Premier,32990,64275,5,Domestic,6 Cyl - 3.6 L,Trans: Auto     4WD/AWD,Summit White,Cartime of Owatonna,"Owatonna, MN"
2024,GMC,Acadia AWD AT4,45995,5370,2,Domestic,"4 Cyl, 2.5L",Trans: Auto     4WD/AWD,White Frost Tricoat,Lewiston Auto,"Lewiston, MN"
2022,GMC,Acadia Denali,30498,63936,4,Domestic,3.6L V6 DOHC 24V,Trans: Auto     4WD/AWD,Satin Steel Metallic,Park Place Motor Cars,"Rochester, MN"
2017,GMC,Acadia Denali,13499,145001,9,Domestic,3.6L V6 SIDI DOHC V...,Trans: Auto     4WD/AWD,Black,Rochester Chevrolet,"Rochester, MN"
2016,Chevrolet,Traverse LT,8998,150685,10,Domestic,3.6L V6 281hp 266ft...,Trans: Auto     4WD/AWD,Siren Red Tintcoat,Top Gear Auto Sales,"Le Roy, MN"
2020,Chevrolet,Traverse LT AWD,26900,58000,6,Domestic,3.6L,Trans: Auto     4WD/AWD,White,Winona Leasing & Sales,"Winona, MN"
2023,Chevrolet,Traverse RS,31999,53012,3,Domestic,3.6L V6 SIDI VVT,Trans: Auto     4WD/AWD,Black,Rochester Chevrolet,"Rochester, MN"
2011,Honda,Pilot LX,3999,223000,15,Foreign,V 6,Trans: Auto     4WD/AWD,,B.W. Auto Sales,"Waterville, MN"
2019,Chevrolet,Traverse LT,24495,101467,7,Domestic,3.6L V6 DOHC 24V,Trans: Auto     4WD/AWD,Maroon,Dunlap Motors,"Independence, IA"
2022,Chevrolet,Traverse RS,30999,60260,4,Domestic,3.6L V6 SIDI VVT,Trans: Auto     4WD/AWD,White,Tom Kadlec Honda,"Rochester, MN"
2016,Chevrolet,Traverse LTZ,16900,101709,10,Domestic,3.6L V6 288hp 270ft...,Trans: Auto     4WD/AWD,Summit White,Midwest Sales,"Spring Valley, MN"
2005,Toyota,Highlander 3rd-Row Seat,4995,268535,21,Foreign,3.3L V6 DOHC 24V,Trans: Auto     FWD,Silver,CJ Auto Sales,"Pine Island, MN"
2020,Chevrolet,Traverse High Country,28990,63595,6,Domestic,3.6L V6 SIDI VVT,Trans: Auto     4WD/AWD,Gray,Rochester Chevrolet,"Rochester, MN"
2023,Chevrolet,Traverse LT Leather,31995,51462,3,Domestic,6 Cyl - 3.6 L,Trans: Auto     4WD/AWD,Radiant Red Tintcoat,Vern Laures Auto Center,"New Hampton, IA"
2023,Chevrolet,Traverse LT Leather,30300,68551,3,Domestic,3.6L V6 SIDI VVT,Trans: Auto     4WD/AWD,Red,Decorah Chevrolet De..,"Decorah, IA"
2013,GMC,Acadia Denali,7295,176688,13,Domestic,3.6L V6 DOHC 24V,Trans: Auto     FWD,Black,CJ Auto Sales,"Pine Island, MN"
2020,GMC,Acadia SLT,18996,101019,6,Domestic,3.6L V6 DOHC 24V,Trans: Auto     4WD/AWD,Red Mahogany Metallic,Kuehn Motors - Austin,"Austin, MN"
2023,GMC,Acadia AT4,33564,34182,3,Domestic,3.6L V6 SIDI,Trans: Auto     4WD/AWD,,Tom Kadlec Honda,"Rochester, MN"
2020,GMC,Acadia Denali,19999,101857,6,Domestic,3.6L V6 DOHC 24V,Trans: Auto     4WD/AWD,Red Quartz Tintcoat,Cartime of Owatonna,"Owatonna, MN"
2023,Chevrolet,Traverse LT,33869,23070,3,Domestic,V6 Cylinder,Trans: Auto     4WD/AWD,Black Cherry Metallic,Birdnow Chevrolet,"Monona, IA"
2016,Chevrolet,Traverse 1LT,8900,151664,10,Domestic,", 3.6L SIDI V6 (281...",Trans: Auto     4WD/AWD,Black,Albertson Auto Center,"Spillville, IA"
2022,Toyota,Highlander XSE,38995,50293,4,Foreign,3.5L V6 295hp 263ft...,Trans: Auto     4WD/AWD,Midnight Black Metallic,Cresco Motor Company,"Cresco, IA"
2019,Chevrolet,Traverse Premier,17499,149508,7,Domestic,3.6L V6 SIDI VVT,Trans: Auto     4WD/AWD,Red,Owatonna Motor Company,"Owatonna, MN"
2020,GMC,Acadia Denali,32985,28431,6,Domestic,6 Cyl - 3.6 L,Trans: Auto     4WD/AWD,Red Quartz Tintcoat,Vern Laures Auto Center,"New Hampton, IA"
2023,Chevrolet,Traverse LT,29985,49203,3,Domestic,3.6L V6 DOHC 24V,Trans: Auto     4WD/AWD,Sterling Gray Metallic,Kuehn Motors - Roche..,"Rochester, MN"
2017,Chevrolet,Traverse 2LT,17995,82250,9,Domestic,3.6L V6 DOHC 24V,Trans: Auto     4WD/AWD,Silver,McKeans Auto,"Harmony, MN"
2023,GMC,Acadia SLT,30500,32985,3,Domestic,2.0L Turbocharged,Trans: Auto     4WD/AWD,Blue,Decorah Chevrolet De..,"Decorah, IA"
2014,Chevrolet,Traverse 1LT,8395,116825,12,Domestic,3.6L V6 DOHC 24V,Trans: Auto     FWD,Red,Olsgard Auto Sales,"Decorah, IA"
