FIPS,State,StateAbbrev,County,UnemployementRate,MedianHouseholdIncome,PovertyRate,PovertyRate_Children,Inflow,Outflow,Population
27001,Minnesota,MN,"Aitkin County, MN",8.2,59064,12.1,16.1,893,1489,"15,706"
27003,Minnesota,MN,"Anoka County, MN",6.4,92249,6.5,7.6,22647,23496,"363,904"
27005,Minnesota,MN,"Becker County, MN",6.3,67448,11.8,14.6,1624,2300,"35,172"
27007,Minnesota,MN,"Beltrami County, MN",6.4,59882,17.1,19.6,4453,2804,"46,238"
27009,Minnesota,MN,"Benton County, MN",6.7,71493,13.7,14,3948,3904,"41,376"
27011,Minnesota,MN,"Big Stone County, MN",4.8,57821,11.8,14.5,329,370,"5,168"
27013,Minnesota,MN,"Blue Earth County, MN",5.4,68279,14.3,10.6,7757,5994,"69,114"
27015,Minnesota,MN,"Brown County, MN",5.2,64093,8.1,6.8,971,1300,"25,920"
27017,Minnesota,MN,"Carlton County, MN",7.3,78478,9.1,8.4,2114,2082,"36,191"
27019,Minnesota,MN,"Carver County, MN",5.2,117602,4.6,3.8,6546,7988,"106,919"
27021,Minnesota,MN,"Cass County, MN",9.2,67121,14.7,20.7,1952,1784,"30,090"
27023,Minnesota,MN,"Chippewa County, MN",5.2,61878,13.5,20.1,731,514,"12,605"
27025,Minnesota,MN,"Chisago County, MN",6.7,98183,5.6,5.8,3925,4216,"56,619"
27027,Minnesota,MN,"Clay County, MN",4.4,79357,13.1,13,6269,5504,"65,316"
27029,Minnesota,MN,"Clearwater County, MN",9.8,64716,13,18.4,327,576,"8,528"
27031,Minnesota,MN,"Cook County, MN",8.4,69279,10.7,16.3,302,504,"5,601"
27033,Minnesota,MN,"Cottonwood County, MN",4.8,59981,11.2,14.3,585,645,"11,513"
27035,Minnesota,MN,"Crow Wing County, MN",7.3,67373,9.2,10.5,3679,3487,"66,119"
27037,Minnesota,MN,"Dakota County, MN",6.3,97727,6,6.4,27474,26945,"439,878"
27039,Minnesota,MN,"Dodge County, MN",5.5,88994,7.4,8.4,1204,1167,"20,866"
27041,Minnesota,MN,"Douglas County, MN",4.8,73521,8.7,8.5,1706,1953,"38,996"
27043,Minnesota,MN,"Faribault County, MN",6.2,67302,11.3,13.3,669,751,"13,919"
27045,Minnesota,MN,"Fillmore County, MN",5.1,72065,9.6,12.2,862,1025,"21,237"
27047,Minnesota,MN,"Freeborn County, MN",5.7,65632,10.5,12.5,1512,1355,"30,893"
27049,Minnesota,MN,"Goodhue County, MN",5.9,82091,7.3,7.2,2734,3120,"47,580"
27051,Minnesota,MN,"Grant County, MN",5.4,68381,10.7,12.2,501,368,"6,074"
27053,Minnesota,MN,"Hennepin County, MN",6.6,89418,10.1,11.2,84966,79982,"1,281,571"
27055,Minnesota,MN,"Houston County, MN",4.4,76170,7.8,7.2,687,801,"18,846"
27057,Minnesota,MN,"Hubbard County, MN",7.1,67797,10.7,13.8,1598,1288,"21,350"
27059,Minnesota,MN,"Isanti County, MN",6.8,83212,7.7,7.8,3025,2640,"41,139"
27061,Minnesota,MN,"Itasca County, MN",8.6,66958,12.7,16.1,1663,2368,"45,014"
27063,Minnesota,MN,"Jackson County, MN",5.3,66694,8,9.8,419,296,"9,994"
27065,Minnesota,MN,"Kanabec County, MN",8.2,69588,10,12.5,751,888,"16,029"
27067,Minnesota,MN,"Kandiyohi County, MN",4.9,72281,12.1,14.6,2057,2295,"43,726"
27069,Minnesota,MN,"Kittson County, MN",4.7,65244,9.2,12.4,268,201,"4,227"
27071,Minnesota,MN,"Koochiching County, MN",7.5,63035,12.4,15.4,646,432,"12,064"
27073,Minnesota,MN,"Lac qui Parle County, MN",4.8,67556,9.5,10.4,350,502,"6,719"
27075,Minnesota,MN,"Lake County, MN",7.3,73724,8.7,10.9,578,480,"10,903"
27077,Minnesota,MN,"Lake of the Woods County, MN",6.2,62143,10.5,15.2,197,166,"3,765"
27079,Minnesota,MN,"Le Sueur County, MN",6.9,86864,7.4,6.8,1897,2076,"28,667"
27081,Minnesota,MN,"Lincoln County, MN",4.5,64860,9.7,9,368,377,"5,641"
27083,Minnesota,MN,"Lyon County, MN",4.5,70958,11.2,10.6,1634,1523,"25,520"
27085,Minnesota,MN,"McLeod County, MN",5.8,80874,7.9,8.6,1685,2462,"36,771"
27087,Minnesota,MN,"Mahnomen County, MN",13.2,52926,19.3,27.1,283,204,"5,408"
27089,Minnesota,MN,"Marshall County, MN",6.6,70606,9.1,9.9,367,308,"9,033"
27091,Minnesota,MN,"Martin County, MN",5.4,61721,13.2,15.1,922,698,"20,027"
27093,Minnesota,MN,"Meeker County, MN",5.3,76506,8.4,8.2,1088,1087,"23,404"
27095,Minnesota,MN,"Mille Lacs County, MN",8.6,65294,10.7,12.8,2105,1837,"26,473"
27097,Minnesota,MN,"Morrison County, MN",6.8,64588,10.2,10.9,1691,1494,"34,026"
27099,Minnesota,MN,"Mower County, MN",5.1,68718,13.1,17.2,2510,2433,"40,033"
27101,Minnesota,MN,"Murray County, MN",5.1,68665,10.5,11,361,418,"8,168"
27103,Minnesota,MN,"Nicollet County, MN",4.9,78091,8.7,8.1,2966,3185,"34,449"
27105,Minnesota,MN,"Nobles County, MN",4.3,65374,11.3,13,637,1327,"22,289"
27107,Minnesota,MN,"Norman County, MN",6.4,64319,12.3,13.7,387,437,"6,443"
27109,Minnesota,MN,"Olmsted County, MN",5.5,88032,8,8.6,11012,9362,"162,850"
27111,Minnesota,MN,"Otter Tail County, MN",5.5,65076,10.6,12.1,2894,2504,"60,095"
27113,Minnesota,MN,"Pennington County, MN",6.2,76423,10.3,10.6,657,829,"13,988"
27115,Minnesota,MN,"Pine County, MN",8.7,65139,11.3,13.6,1945,1857,"28,889"
27117,Minnesota,MN,"Pipestone County, MN",4.1,65499,10.3,12.4,726,587,"9,420"
27119,Minnesota,MN,"Polk County, MN",5.7,69538,10.7,11.9,2086,2465,"31,185"
27121,Minnesota,MN,"Pope County, MN",4.5,68888,8.7,8.8,750,905,"11,306"
27123,Minnesota,MN,"Ramsey County, MN",7,75041,11.9,15.1,46521,43027,"552,355"
27125,Minnesota,MN,"Red Lake County, MN",6.5,74120,9.9,11.4,95,203,"3,934"
27127,Minnesota,MN,"Redwood County, MN",5.6,66582,11.9,13.8,604,845,"15,427"
27129,Minnesota,MN,"Renville County, MN",5.8,66568,11.2,12.6,641,781,"14,724"
27131,Minnesota,MN,"Rice County, MN",5.4,77962,10.3,11.1,5556,4492,"67,101"
27133,Minnesota,MN,"Rock County, MN",3.1,69835,9.8,9.8,696,672,"9,693"
27135,Minnesota,MN,"Roseau County, MN",5.8,71794,9,10.2,417,803,"15,330"
27137,Minnesota,MN,"St. Louis County, MN",7.3,63141,13.3,12.4,12851,11063,"200,233"
27139,Minnesota,MN,"Scott County, MN",5.9,115687,5.3,5.7,9677,9348,"150,916"
27141,Minnesota,MN,"Sherburne County, MN",6.2,97999,5.7,6.3,8129,7584,"97,189"
27143,Minnesota,MN,"Sibley County, MN",5.7,75596,8.8,9.9,689,1131,"14,825"
27145,Minnesota,MN,"Stearns County, MN",5.8,72378,11,12.1,13310,10954,"158,296"
27147,Minnesota,MN,"Steele County, MN",5.5,75474,7.8,9.7,1913,2218,"37,406"
27149,Minnesota,MN,"Stevens County, MN",3.3,69171,8.9,7.9,1032,852,"9,674"
27151,Minnesota,MN,"Swift County, MN",5.9,67166,10.5,12.6,473,661,"9,830"
27153,Minnesota,MN,"Todd County, MN",5.4,66300,11.7,14.3,1297,1122,"25,266"
27155,Minnesota,MN,"Traverse County, MN",4.5,63913,13.6,18,196,289,"3,357"
27157,Minnesota,MN,"Wabasha County, MN",5.4,78953,8.1,7.8,1170,1024,"21,384"
27159,Minnesota,MN,"Wadena County, MN",7.8,57527,13.5,15.3,715,707,"14,062"
27161,Minnesota,MN,"Waseca County, MN",6.3,71519,9.4,10.2,1235,1043,"18,963"
27163,Minnesota,MN,"Washington County, MN",5.7,107649,5,5.2,17895,19786,"267,557"
27165,Minnesota,MN,"Watonwan County, MN",4.7,61295,10,12.3,238,547,"11,262"
27167,Minnesota,MN,"Wilkin County, MN",4.2,71924,10.1,10.6,292,409,"6,508"
27169,Minnesota,MN,"Winona County, MN",5,65699,12.1,11.2,4339,3305,"49,666"
27171,Minnesota,MN,"Wright County, MN",5.6,95259,5.4,4.8,6845,8668,"141,349"
27173,Minnesota,MN,"Yellow Medicine County, MN",4.6,67543,9.7,11,428,867,"9,523"
55001,Wisconsin,WI,"Adams County, WI",9.8,54682,13.2,20.5,1761,1398,20647
55003,Wisconsin,WI,"Ashland County, WI",8.8,56848,14.1,16.9,707,691,16036
55005,Wisconsin,WI,"Barron County, WI",6.2,62344,10,11.3,1933,2596,46726
55007,Wisconsin,WI,"Bayfield County, WI",9.4,63680,10,15.9,629,656,16216
55009,Wisconsin,WI,"Brown County, WI",6.2,72398,9.7,10.5,13039,10789,268740
55011,Wisconsin,WI,"Buffalo County, WI",7.6,63969,10.2,12.2,977,808,13301
55013,Wisconsin,WI,"Burnett County, WI",9.2,57438,13.5,22.3,851,764,16524
55015,Wisconsin,WI,"Calumet County, WI",4.8,85589,4.6,5.2,2673,2922,52450
55017,Wisconsin,WI,"Chippewa County, WI",6.4,74425,9,11,4732,4091,66300
55019,Wisconsin,WI,"Clark County, WI",4.6,63641,11.7,15.9,1761,2264,34661
55021,Wisconsin,WI,"Columbia County, WI",6,78767,7.9,9.2,3932,3771,58492
55023,Wisconsin,WI,"Crawford County, WI",7.5,63862,14,17.7,928,952,16114
55025,Wisconsin,WI,"Dane County, WI",4.9,85189,10,7.7,37152,29317,561508
55027,Wisconsin,WI,"Dodge County, WI",5.4,69681,8.6,9.5,5554,5406,89394
55029,Wisconsin,WI,"Door County, WI",7,72296,8.8,10.1,1677,1051,30065
55031,Wisconsin,WI,"Douglas County, WI",9.3,66180,9.5,12.1,2879,2085,44295
55033,Wisconsin,WI,"Dunn County, WI",5.7,71434,10.9,10.6,5306,2544,45425
55035,Wisconsin,WI,"Eau Claire County, WI",5.7,70564,10.8,10.4,9187,6553,105713
55037,Wisconsin,WI,"Florence County, WI",8.2,64512,10.7,18.6,271,152,4560
55039,Wisconsin,WI,"Fond du Lac County, WI",6,71206,9.2,10.7,5751,4351,104160
55041,Wisconsin,WI,"Forest County, WI",12.8,56118,15.8,20.9,512,532,9179
55043,Wisconsin,WI,"Grant County, WI",5.3,63247,13.7,15.5,3698,2823,51943
55045,Wisconsin,WI,"Green County, WI",5,79337,8.3,9.6,1945,1473,37088
55047,Wisconsin,WI,"Green Lake County, WI",7,66070,10.4,14.7,1003,1279,19016
55049,Wisconsin,WI,"Iowa County, WI",6.2,76404,8.4,9.3,1130,1230,23717
55051,Wisconsin,WI,"Iron County, WI",11.5,60694,13.5,17.9,397,387,6131
55053,Wisconsin,WI,"Jackson County, WI",9.5,64344,12.6,17.7,1398,1080,21142
55055,Wisconsin,WI,"Jefferson County, WI",5.6,78728,9.3,9.8,6486,5188,86161
55057,Wisconsin,WI,"Juneau County, WI",7.4,61904,12.5,16.2,1908,1457,26716
55059,Wisconsin,WI,"Kenosha County, WI",7.2,75067,11.3,15.6,10273,9427,169150
55061,Wisconsin,WI,"Kewaunee County, WI",4.7,73717,8.7,9.5,879,933,20568
55063,Wisconsin,WI,"La Crosse County, WI",5.5,70075,12.1,9.6,8754,7176,120779
55065,Wisconsin,WI,"Lafayette County, WI",4.4,67311,11.2,13.7,677,673,16611
55067,Wisconsin,WI,"Langlade County, WI",6.6,57745,13.6,18.5,1082,1338,19491
55069,Wisconsin,WI,"Lincoln County, WI",6.1,59637,9.9,12.4,1330,1411,28416
55071,Wisconsin,WI,"Manitowoc County, WI",6.3,62910,9.2,11.4,2336,3467,81360
55073,Wisconsin,WI,"Marathon County, WI",5.1,70955,9.6,12.3,5873,7685,138026
55075,Wisconsin,WI,"Marinette County, WI",8,58554,11.4,15.9,2285,2208,41874
55077,Wisconsin,WI,"Marquette County, WI",6.9,58197,11.6,16.2,808,943,15591
55078,Wisconsin,WI,"Menominee County, WI",15.7,51623,27.4,45.5,188,710,4251
55079,Wisconsin,WI,"Milwaukee County, WI",8.4,58375,17.1,23.3,38677,44351,939471
55081,Wisconsin,WI,"Monroe County, WI",5.7,65232,12.8,17.2,2595,2772,46270
55083,Wisconsin,WI,"Oconto County, WI",6.4,68127,8.6,10.6,1905,2150,38965
55085,Wisconsin,WI,"Oneida County, WI",7.4,62242,8.2,12.2,1837,2529,37842
55087,Wisconsin,WI,"Outagamie County, WI",5.6,78808,6.3,6.4,9776,13370,190703
55089,Wisconsin,WI,"Ozaukee County, WI",5.5,97778,4.8,3.7,5627,4963,91509
55091,Wisconsin,WI,"Pepin County, WI",6,69535,10.3,14.8,269,257,7320
55093,Wisconsin,WI,"Pierce County, WI",7.1,85508,8.3,7.1,4995,3313,42206
55095,Wisconsin,WI,"Polk County, WI",7.3,73982,9.1,12.2,1997,1921,44982
55097,Wisconsin,WI,"Portage County, WI",5.5,71360,9.8,10.4,6366,4149,70371
55099,Wisconsin,WI,"Price County, WI",6.9,53883,12,19.1,791,739,14047
55101,Wisconsin,WI,"Racine County, WI",7.4,72331,10.7,15,9848,8580,197735
55103,Wisconsin,WI,"Richland County, WI",5.2,67086,13,16.1,904,596,17310
55105,Wisconsin,WI,"Rock County, WI",7.3,67430,11.2,14.9,6521,6307,163690
55107,Wisconsin,WI,"Rusk County, WI",6.8,56410,13.7,20.8,779,745,14186
55109,Wisconsin,WI,"St. Croix County, WI",7.2,97589,5.7,5.4,4927,5887,93529
55111,Wisconsin,WI,"Sauk County, WI",7.7,70484,9.4,11.6,3968,2655,65766
55113,Wisconsin,WI,"Sawyer County, WI",8,60034,15,18.8,1286,642,18073
55115,Wisconsin,WI,"Shawano County, WI",6.5,66733,11.5,14.7,2115,1755,40867
55117,Wisconsin,WI,"Sheboygan County, WI",5.8,65008,8.9,11.8,3851,5067,118032
55119,Wisconsin,WI,"Taylor County, WI",5,67544,11.3,15.6,803,795,19908
55121,Wisconsin,WI,"Trempealeau County, WI",7.1,68184,11.8,14.1,1391,1760,30763
55123,Wisconsin,WI,"Vernon County, WI",5.3,67812,12.5,18.3,1174,1460,30711
55125,Wisconsin,WI,"Vilas County, WI",7.3,63356,12.3,16.6,1416,1095,23046
55127,Wisconsin,WI,"Walworth County, WI",6.2,73723,10.5,10.5,8061,5196,105231
55129,Wisconsin,WI,"Washburn County, WI",7,59221,10.8,15.6,1221,810,16623
55131,Wisconsin,WI,"Washington County, WI",5.7,90313,6,5.8,6219,6343,136758
55133,Wisconsin,WI,"Waukesha County, WI",5.7,99525,5.5,4.4,23822,23051,406975
55135,Wisconsin,WI,"Waupaca County, WI",5.6,65960,12.1,15.3,2777,2448,51813
55137,Wisconsin,WI,"Waushara County, WI",6.5,55982,10.5,14.4,1571,1814,24524
55139,Wisconsin,WI,"Winnebago County, WI",5.6,69887,10.3,11.4,13757,11133,171735
55141,Wisconsin,WI,"Wood County, WI",6.8,64408,9.8,12.5,3682,4570,74215
