﻿Type,Price,Miles,Age,Color,Engine,Transmission,Dealership,City
2019 Chevrolet Impala LT,23999,80101,-3,Gray,3.6L V6 DI DOHC,Auto  FWD,Mason City Motor Com..,"Mason City, IA"
2019 Chevrolet Impala Premier,20990,91211,-3,Old Blues Eye Metallic,3.6L V6 DOHC 24V,Auto  FWD,Cartime of Owatonna,"Owatonna, MN"
2019 Chevrolet Impala LS,14990,78895,-3,Summit White,2.5 I4 DOHC 16V,Auto  FWD,Cartime of Owatonna,"Owatonna, MN"
2019 Chevrolet Impala LT,21995,136201,-3,Grey,3.6L V6 DOHC 24V,Auto  FWD,By Owner,"Rochester, MN"
2019 Chevrolet Impala Premier,26500,60981,-3,Blue Velvet Metallic,3.6L V6 DOHC 24V,Auto  FWD,Schukei Chevrolet,"Mason City, IA"
2018 Chevrolet Impala LT,16998,110514,-4,Silver,ECOTEC 2.5L I4 DGI ...,Auto  FWD,Sleepy Hollow Ford,"Viroqua, WI"
2018 Chevrolet Impala LT,24995,61311,-4,Black,3.6L V6 DOHC 24V,Auto  FWD,Southwest Sales,"Austin, MN"
2018 Chevrolet Impala Premier,25000,54054,-4,White,3.6L V6 DOHC 24V,Auto  FWD,Schukei Chevrolet,"Mason City, IA"
2018 Chevrolet Impala LT,25000,30624,-4,Pepperdust Metallic,V6 Cylinder,Auto  FRONT WH,"Decorah Auto Center,..","Decorah, IA"
2016 Chevrolet Impala LTZ,8998,235866,-6,Black,V-6,Auto  FWD,"Wheel Man Auto, LLC","Mason City, IA"
2016 Chevrolet Impala LT,24495,17513,-6,Silver Ice Metallic,3.6 liter V6 Cylind...,Auto  FWD,Lewiston Auto,"Lewiston, MN"
2016 Chevrolet Impala LTZ,13995,107796,-6,Silver,", 3.6L SIDI DOHC V6...",Auto  FWD,Waseca County Auto S..,"Waseca, MN"
2016 Chevrolet Impala Police Cruiser,8900,170171,-6,White,", 3.6L SIDI DOHC V6...",Auto  FWD,Albertson Auto Center,"Spillville, IA"
2015 Chevrolet Impala 2LT,15950,118028,-7,White,3.6L V6 DI DOHC,Auto  FWD,Tom Kadlec Honda,"Rochester, MN"
2015 Chevrolet Impala 2LT,18500,85463,-7,Black,3.6L V6 DOHC 24V,Auto  FWD,Whitewater Chrysler ..,"St. Charles, MN"
2015 Chevrolet Impala LT SUNROOF,9200,82370,-7,White,3.6,Auto  FWD,Midwest Auto,"McGregor, IA"
2015 Chevrolet Impala LTZ,17500,66181,-7,Crystal Red Tintcoat,3.6L 6 cyl,Auto  FWD,Schukei Chevrolet,"Mason City, IA"
2014 Chevrolet Impala LTZ,10495,117742,-8,Red,3.6L V6 DGI DOHC VVT,Auto  FWD,Subaru of Rochester,"Rochester, MN"
2014 Chevrolet Impala LT,8995,128722,-8,Gray,3.6L V6 DGI DOHC VVT,Auto  FWD,Buick GMC of Rochester,"Rochester, MN"
2014 Chevrolet Impala LS,16498,52445,-8,Summit White,2.5L L4 DOHC 16V,Auto  FWD,Park Place Motor Cars,"Rochester, MN"
2014 Chevrolet Impala LT,7900,152980,-8,Gray,3.6 V6,Auto  FWD,Swenson Motors,"Gaylord, MN"
2014 Chevrolet Impala Limited LS,10995,95789,-8,Silver,3.6L V6 DOHC,Auto  FWD,Down Town Auto,"Le Sueur, MN"
2014 Chevrolet Impala LS,10999,126950,-8,Ashen Metallic,2.5L L4,Auto  FWD,"Shortline Auto, Inc .","Rochester, MN"
2014 Chevrolet Impala LTZ,14499,74012,-8,Black,3.6L V6 DGI DOHC VVT,Auto  FWD,Rochester Toyota Scion,"Rochester, MN"
2014 Chevrolet Impala 2LZ,,148498,-8,Red,3.6L V6 DOHC 24VV F...,Auto  FWD,Motor Inn Auto Group,"Estherville, IA"
2014 Chevrolet Impala LT,8995,97604,-8,Black,3.6L V6 DOHC 16V FFV,Auto  FWD,Northeast Iowa Auto ..,"Hazleton, IA"
2014 Chevrolet Impala LT,9950,113226,-8,White,3.6L V6 DOHC 16V FFV,Auto  FWD,Torgerson Auto Sales,"Harmony, MN"
2013 Chevrolet Impala LTZ with Sunroof,8500,178000,-9,Red,V6,Auto  FWD,By Owner,"Ceylon, MN"
2013 Chevrolet Impala LS (Fleet),2200,201091,-9,Gray,3.6L V6 DGI DOHC VVT,Auto  FWD,Rochester Car Cleara..,"Rochester, MN"
2013 Chevrolet Impala LT (Fleet),5888,125000,-9,Charcoal,3.6L V6 DOHC 16V FFV,Auto  FWD,Triple R Sales,"Lake City, MN"
2013 Chevrolet Impala LT,12000,102819,-9,Red,3.6L 6 cyl,Auto  FWD,Schukei Chevrolet,"Mason City, IA"
2013 Chevrolet Impala LTZ,,181118,-9,Ashen Gray Metallic,3.6L 6 cyl,Auto  FWD,Schukei Chevrolet,"Mason City, IA"
2012 Chevrolet Impala LTZ,,112672,-10,Black,3.6L Flex Fuel V6 3...,Auto  FWD,Midwest Sales,"Spring Valley, MN"
2012 Chevrolet Impala LT (Fleet),7500,193145,-10,White,3.6L V6 DGI DOHC VVT,Auto  FWD,Chuck Spaeth Ford,"Sleepy Eye, MN"
2012 Chevrolet Impala LT Retail,12900,78965,-10,Gold Mist Metallic,3.6L V6 Cylinder,Auto  FWD,Choice Auto,"Carroll, IA"
2012 Chevrolet Impala LS (Fleet),8995,140194,-10,White,3.6L V6 DOHC 16V FFV,Auto  FWD,Waseca County Auto S..,"Waseca, MN"
2012 Chevrolet Impala LT Retail,9995,117753,-10,Black Granite Metallic,6 Cyl - 3.6 L,Auto  FWD,Vern Laures Auto Center,"New Hampton, IA"
2012 Chevrolet Impala LT,11999,51706,-10,Blue,3.6L V6 DGI DOHC VVT,Auto  FWD,Mason City Motor Com..,"Mason City, IA"
2012 Chevrolet Impala LS (Fleet),6995,139000,-10,Red,3.6L V6 DOHC 16V FFV,Auto  FWD,Arrow Motors,"Rochester, MN"
2012 Chevrolet Impala LT (Fleet),7595,144881,-10,Black,3.6L V6 DOHC 16V FFV,Auto  FWD,C & C Auto Sales,"Charles City, IA"
2011 Chevrolet Impala LS,5865,179624,-11,White,3.5L V6 SFI Flex Fu...,Auto  FWD,Madelia Ford,"Madelia, MN"
2011 Chevrolet Impala LS,6490,125325,-11,White,3.5L V6 SFI Flex Fu...,Auto  FWD,Rochester Car Cleara..,"Rochester, MN"
2011 Chevrolet Impala LS,5995,166111,-11,Blue,3.5L V6 OHV 16V FFV,Auto  FWD,Olsgard Auto Sales,"Decorah, IA"
2011 Chevrolet Impala LS,8990,145284,-11,White,", 3.5L V6 SFI (E85)...",Auto  FWD,Waseca County Auto S..,"Waseca, MN"
2011 Chevrolet Impala LT,6900,156178,-11,Gray,3.5L V6 SFI Flex Fu...,Auto  FWD,Chuck Spaeth Ford,"Sleepy Eye, MN"
2011 Chevrolet Impala LT,3999,195000,-11,Navy Metallic,3.5L V6,Auto  FWD,"Shortline Auto, Inc .","Rochester, MN"
2011 Chevrolet Impala LS,8195,129202,-11,Red,3.5L V6 OHV 16V FFV,Auto  FWD,Olsgard Auto Sales,"Decorah, IA"
2011 Chevrolet Impala LT,10500,127333,-11,Gold Mist Metallic,3.5L V6 OHV 12V FFV,Auto  FWD,"R.W. Pladsen, Inc.","Waukon, IA"
2010 Chevrolet Impala LT,2995,209428,-12,White,3.5L V6 OHV 12V,Auto  FWD,CJ Auto Sales,"Pine Island, MN"
2010 Chevrolet Impala LT,7999,112272,-12,Black,3.5L V6 SFI Flex Fu...,Auto  FWD,Mason City Motor Com..,"Mason City, IA"
2010 Chevrolet Impala LTZ,6999,185472,-12,Red,3.9L V6 SFI Flex Fu...,Auto  FWD,Mason City Motor Com..,"Mason City, IA"
2010 Chevrolet Impala LS,5495,180660,-12,Black,3.5L V6 OHV 16V FFV,Auto  FWD,Southwest Sales,"Austin, MN"
2009 Chevrolet Impala LTZ,2999,183112,-13,Pewter,3.9L V6,Auto  FWD,Gilly's Auto Sales,"Rochester, MN"
2009 Chevrolet Impala LT,,165912,-13,Blue,3.5L V6 OHV 12V FFV,Auto  FWD,Auto Finance Center,"Rochester, MN"
2008 Chevrolet Impala LT SUNROOF,4500,127100,-14,White,,Auto  FWD,Midwest Auto,"McGregor, IA"
2008 Chevrolet Impala LS,6995,107547,-14,Blue,3.5 Liter,Auto  FWD,D.R.s Classic Cars,"Lewiston, MN"
2008 Chevrolet Impala LT,4900,225734,-14,Red,3.9,Auto  FWD,Jay's Automotive,"West Union, IA"
2008 Chevrolet Impala 50th Anniversary,6995,187814,-14,Black,3.5L V6 OHV 12V FFV,Auto  FWD,Southpoint Wholesale,"Rochester, MN"
2008 Chevrolet Impala LT,6500,160143,-14,Red,", 3.5L V6 SFI (E85)...",Auto  FWD,Harvey's Used Vehicles,"Cresco, IA"
2008 Chevrolet Impala LS,4995,137000,-14,Red,3.5L V6 OHV 16V FFV,Auto  FWD,Torgerson Auto Sales,"Harmony, MN"
2008 Chevrolet Impala 50th Anniversary,6995,187814,-14,Black,3.5L V6 OHV 12V FFV,Auto  FWD,Southpoint Motors,"Rochester, MN"
2008 Chevrolet Impala LS,7995,123000,-14,White,", 3.5L V6 SFI (E85)...",Auto  FWD,Waseca County Auto S..,"Waseca, MN"
2008 Chevrolet Impala LT2,,,-14,Black,3.9L V6 OHV 12V FFV,Auto  FWD,Schukei Chevrolet,"Mason City, IA"
2007 Chevrolet Impala LT,6200,134000,-15,Grey,3.5,Auto  FWD,Lakeside Auto,"Alden, MN"
2007 Chevrolet Impala LS,4200,217744,-15,Blue,3.5L V6 SFI Flex Fu...,Auto  FWD,Rochester Toyota Scion,"Rochester, MN"
2007 Chevrolet Impala LT3,5500,192739,-15,Silver,3.9L V6 SFI with Ac...,Auto  FWD,Chuck Spaeth Ford,"Sleepy Eye, MN"
2007 Chevrolet Impala LS,4200,217744,-15,Blue,3.5L V6 SFI Flex Fu...,Auto  FWD,Rochester Car Cleara..,"Rochester, MN"
2006 Chevrolet Impala LT 3.5L,3999,177000,-16,Red,V6 Cylinder,Auto  FWD,Waseca Chrysler Center,"Waseca, MN"
2006 Chevrolet Impala LT,2999,208951,-16,Blue,3.5L V6 OHV 12V FFV,Auto  FWD,Southwest Sales & Se..,"Redwood Falls, MN"
2006 Chevrolet Impala 3LT,2999,234865,-16,White,3.9L V6 OHV 12V,Auto  FWD,Gilly's Auto Sales,"Rochester, MN"
2005 Chevrolet Impala Base,5999,109326,-17,Beige,3.4L V6 SFI,Auto  FWD,Mason City Motor Com..,"Mason City, IA"
2005 Chevrolet Impala Base,4999,166125,-17,White,3.4L V6 SFI,Auto  FWD,Mason City Motor Com..,"Mason City, IA"
2004 Chevrolet Impala Base,800,,-18,Gray,3.8L V6 OHV 12V,Auto  FWD,CJ Auto Sales,"Pine Island, MN"
2003 Chevrolet Impala LS,5988,106456,-19,Silver,3.8L V6 OHV 12V,Auto  FWD,Motor Inn Auto Group,"Estherville, IA"
2000 Chevrolet Impala Base,2975,161600,-22,,3.4L V6 OHV 12V,Auto  FWD,Maverick Automotive,"Arlington, MN"
1985 Chevrolet Impala 2DR HARDTOP,16999,82000,-37,Patina/blue,283 V8,Auto  RWD,Mezera Auto Sales,"Eastman, WI"
