Sport,Team,FCI,Seating,PremiumSeating,Parking,Program,Cap
Baseball,Arizona Diamondbacks,115.24,14.31,60.24,10,0,7
Baseball,Atlanta Braves,157.69,17.05,44.98,12,0,15
Baseball,Baltimore Orioles,172.18,23.42,42.86,8,5,15
Baseball,Boston Red Sox,334.78,52.32,100.85,27,5,20
Baseball,Chicago Cubs,329.74,52.56,256.98,25,5,20
Baseball,Chicago White Sox,249.6,38.65,94.24,23,4,13
Baseball,Cincinnati Reds,151.26,19.19,60.23,12,4,18
Baseball,Cleveland Indians,180.49,22.12,61.62,12,1,15
Baseball,Colorado Rockies,161,19.5,36.5,8,5,14
Baseball,Detroit Tigers,172.92,23.48,69.74,5,5,15
Baseball,Florida Marlins,170.24,19.06,70.36,8,5,15
Baseball,Houston Astros,212.16,29.29,50.07,15,4,13
Baseball,Kansas City Royals,161.52,19.38,87.38,6,5,12
Baseball,Los Angeles Angels,131.8,18.93,69.04,8,3,6.99
Baseball,Los Angeles Dodgers,221.64,29.66,222.38,15,5,16
Baseball,Milwaukee Brewers,160.4,22.1,39.59,8,0,15
Baseball,Minnesota Twins,206.88,31.47,70.74,6,3,12
Baseball,New York Mets,226.88,32.22,133.98,19,5,15
Baseball,New York Yankees,316.32,51.83,312.11,23,5,25
Baseball,Oakland Athletics,179.16,22.04,45.95,17,5,15
Baseball,Philadelphia Phillies,227.46,32.99,65.86,12,5,15
Baseball,Pittsburgh Pirates,126.56,15.39,42.67,10,0,12
Baseball,San Diego Padres,120.6,15.15,30.56,4,0,7
Baseball,San Francisco Giants,220.66,28.79,76.36,20,5,15
Baseball,Seattle Mariners,183.6,25.53,58.61,17,3,10
Baseball,St. Louis Cardinals,216.56,30.14,67.43,10,2.5,16
Baseball,Tampa Bay Rays,141,19.75,64.32,0,0,10
Baseball,Texas Rangers,167.6,20.65,67.17,8,5,12
Baseball,Toronto Blue Jays,208.21,23.84,65.73,14.29,4.76,19.04
Baseball,Washington Nationals,215.52,30.63,192.89,5,5,15
Football,Arizona Cardinals,366.72,67.69,216.42,10,3,19.99
Football,Atlanta Falcons,378.37,68.22,237.75,20,5,10
Football,Baltimore Ravens,486.19,86.92,241.84,35,0,24
Football,Buffalo Bills,337.75,59.19,187.87,25,0,16
Football,Carolina Panthers,342.58,66.17,179.13,20,0,9.95
Football,Chicago Bears,523.2,93.55,372,46,5,20
Football,Cincinnati Bengals,395.15,72.04,193.9,21.5,5,15
Football,Cleveland Browns,332.02,54.51,198.47,20,5,20
Football,Dallas Cowboys,617.8,110.2,340,75,10,10
Football,Denver Broncos,410.51,76.75,282.83,20,5,12
Football,Detroit Lions,365.61,62.4,142.98,10,5,18
Football,Green Bay Packers,415.83,72.36,236.81,40,6,14.95
Football,Houston Texans,403.6,73.4,260.17,15,5,20
Football,Indianapolis Colts,462.34,85.34,246.17,20,5,18
Football,Jacksonville Jaguars,310.28,57.34,229.17,15,0,9.95
Football,Kansas City Chiefs,369.26,68.44,228.66,22,0,10
Football,Miami Dolphins,386.16,70.54,180,20,5,15
Football,Minnesota Vikings,395.78,75.69,175.22,15,5,15
Football,New England Patriots,597.26,117.84,566.67,40,5,14.95
Football,New Orleans Saints,390.96,74.99,177.61,25,5,12
Football,New York Giants,586.76,111.69,464.75,25,10,20
Football,New York Jets,598.56,114.64,287.41,25,10,20
Football,Oakland Raiders,359.9,62.23,139.93,20,7,17.99
Football,Philadelphia Eagles,391.5,69,202.82,25,5,15
Football,Pittsburgh Steelers,419.28,74.32,218.65,25,5,18
Football,San Diego Chargers,436.56,81.39,170,25,5,12
Football,San Francisco 49ers,400.08,76.39,180,25,5,12
Football,Seattle Seahawks,389.69,63.8,154.51,40,3,18
Football,St. Louis Rams,386.69,65.8,161.97,15,5,22
Football,Tampa Bay Buccaneers,390.8,72.1,295,25,0,14.95
Football,Tennessee Titans,367.79,62.95,163.97,30,5,15
Football,Washington Redskins,441.43,79.13,254.56,35,5,14.95
Hockey,Anaheim Ducks,284.76,44.44,102.9,15,0,20
Hockey,Atlanta Thrashers,262.88,43.59,98.61,10,0,15
Hockey,Boston Bruins,336.27,54.94,92.5,25,4,18
Hockey,Buffalo Sabres,228.72,36.43,76.05,15,2,12
Hockey,Calgary Flames,366.29,66.68,150.16,10.69,4.63,19.43
Hockey,Carolina Hurricanes,251.83,41.58,79.66,10,0,17
Hockey,Chicago Blackhawks,350.58,55.39,115.98,25,5,18
Hockey,Colorado Avalanche,242.96,40.62,119.33,10,2,9.99
Hockey,Columbus Blue Jackets,269.16,47.66,98.17,7,0,16
Hockey,Dallas Stars,222.68,29.68,94.38,20,5,14.99
Hockey,Detroit Red Wings,299.92,51.73,67.59,20,7,10
Hockey,Edmonton Oilers,346.46,64.87,152.28,11.66,0,14.58
Hockey,Florida Panthers,304.4,54.12,76.92,12,0,9.95
Hockey,Los Angeles Kings,297.22,50.05,105.24,15,3,10
Hockey,Minnesota Wild,346.01,62.63,99.38,10,3,18
Hockey,Montreal Canadiens,474.44,86.44,131.76,19.44,4.13,24.26
Hockey,Nashville Predators,288.67,51.04,113.5,10,0,15
Hockey,New Jersey Devils,302.83,50.83,165.25,14,5,15
Hockey,New York Islanders,326.26,58.44,105.54,7,0,15
Hockey,New York Rangers,364.49,58.57,249.88,20,10,20
Hockey,Ottawa Senators,328.92,59.74,118.76,8.53,0,21.37
Hockey,Philadelphia Flyers,329.59,60.89,157.66,12,5,15
Hockey,Phoenix Coyotes,228.61,36.15,120.18,0,0,16
Hockey,Pittsburgh Penguins,326.14,60.04,152,15,0,20
Hockey,San Jose Sharks,288.33,45.71,106.15,21,5,15
Hockey,St.Louis Blues,245.28,40.57,123.99,15,1,10
Hockey,Tampa Bay Lightning,226.93,37.73,56.29,10,0,15
Hockey,Toronto Maple Leafs,572.32,115.96,184.94,18.64,4.66,20.51
Hockey,Vancouver Canucks,357.02,65.2,127.8,19.44,2.92,13.61
Hockey,Washington Capitals,327.29,55.57,166.27,20,5,18
