MoundID,LongSide,ShortSide,Height,Volume
OklahomaA,5.866,4.429,0.895,9.73
OklahomaB,4.915,3.794,0.811,5.88
OklahomaC,5.066,3.767,0.672,4.66
OklahomaD,4.952,3.929,0.768,6.3
OklahomaE,4.022,3.258,0.702,3.16
OklahomaF,2.399,2.107,0.705,1.53
OklahomaG,7.675,5.915,0.884,12.9
OklahomaH,3.079,2.492,0.56,1.59
OklahomaI,3.973,3.594,1.07,5.29
OklahomaJ,3.341,3.006,0.71,3.17
MississippiA,2.985,2.305,0.979,2.38
MississippiB,4.702,4.159,1.053,7.41
MississippiC,4.936,3.97,1.602,10.6
MississippiD,3.84,3.515,1.187,5.42
MississippiE,2.635,2.478,1.013,2.54
MississippiF,3.295,2.434,1.218,3.37
MississippiG,3.123,2.529,0.787,1.86
MississippiH,5.525,4.009,1.554,11.52
MississippiI,3.762,2.734,0.78,3.28
