ID,SandType,ProjectileType,Height,Diameter
1,Coarse,WoodBall,25,3.75
2,Coarse,WoodBall,25,3.25
3,Coarse,WoodBall,25,3.5
4,Coarse,WoodBall,50,4.8
5,Coarse,WoodBall,50,4.5
6,Coarse,WoodBall,50,4.3
7,Coarse,WoodBall,75,5.25
8,Coarse,WoodBall,75,4.5
9,Coarse,WoodBall,75,4.6
10,Coarse,WoodBall,100,5.25
11,Coarse,WoodBall,100,5
12,Coarse,WoodBall,100,5.25
13,Coarse,WoodBall,125,5.5
14,Coarse,WoodBall,125,5
15,Coarse,WoodBall,125,5
16,Coarse,WoodBall,150,5.3
17,Coarse,WoodBall,150,5.25
18,Coarse,WoodBall,150,5.2
19,Coarse,WoodBall,175,5
20,Coarse,WoodBall,175,5.5
21,Coarse,WoodBall,175,5.25
22,Coarse,WoodBall,200,6
23,Coarse,WoodBall,200,5.5
24,Coarse,WoodBall,200,5.5
25,Coarse,SteelBall,25,5
26,Coarse,SteelBall,25,5.25
27,Coarse,SteelBall,25,5.25
28,Coarse,SteelBall,50,6.5
29,Coarse,SteelBall,50,6.75
30,Coarse,SteelBall,50,5.5
31,Coarse,SteelBall,75,7.25
32,Coarse,SteelBall,75,7
33,Coarse,SteelBall,75,7.5
34,Coarse,SteelBall,100,8.2
35,Coarse,SteelBall,100,6.5
36,Coarse,SteelBall,100,7.2
37,Coarse,SteelBall,125,8.25
38,Coarse,SteelBall,125,8.25
39,Coarse,SteelBall,125,8
40,Coarse,SteelBall,150,9.2
41,Coarse,SteelBall,150,8.5
42,Coarse,SteelBall,150,9.2
43,Coarse,SteelBall,175,9
44,Coarse,SteelBall,175,8.75
45,Coarse,SteelBall,175,9.75
46,Coarse,SteelBall,200,9.2
47,Coarse,SteelBall,200,10
48,Coarse,SteelBall,200,9.5
49,Coarse,GlassBall,25,4.75
50,Coarse,GlassBall,25,4.8
51,Coarse,GlassBall,25,5
52,Coarse,GlassBall,50,5.75
53,Coarse,GlassBall,50,5.5
54,Coarse,GlassBall,50,5.25
55,Coarse,GlassBall,75,6.2
56,Coarse,GlassBall,75,6.25
57,Coarse,GlassBall,75,6
58,Coarse,GlassBall,100,5
59,Coarse,GlassBall,100,6
60,Coarse,GlassBall,100,6.25
61,Coarse,GlassBall,125,6.25
62,Coarse,GlassBall,125,6.75
63,Coarse,GlassBall,125,7
64,Coarse,GlassBall,150,7
65,Coarse,GlassBall,150,6.75
66,Coarse,GlassBall,150,7
67,Coarse,GlassBall,175,7.2
68,Coarse,GlassBall,175,6.75
69,Coarse,GlassBall,175,7.2
70,Coarse,GlassBall,200,7
71,Coarse,GlassBall,200,7
72,Coarse,GlassBall,200,7.2
73,Fine,WoodBall,25,4
74,Fine,WoodBall,25,4
75,Fine,WoodBall,25,3.8
76,Fine,WoodBall,50,4.5
77,Fine,WoodBall,50,4.75
78,Fine,WoodBall,50,4
79,Fine,WoodBall,75,5
80,Fine,WoodBall,75,4.5
81,Fine,WoodBall,75,4.75
82,Fine,WoodBall,100,5.5
83,Fine,WoodBall,100,5.2
84,Fine,WoodBall,100,5
85,Fine,WoodBall,125,4.8
86,Fine,WoodBall,125,5.9
87,Fine,WoodBall,125,5.6
88,Fine,WoodBall,150,6
89,Fine,WoodBall,150,5.4
90,Fine,WoodBall,150,5.5
91,Fine,WoodBall,175,6.2
92,Fine,WoodBall,175,6.2
93,Fine,WoodBall,175,6
94,Fine,WoodBall,200,6.5
95,Fine,WoodBall,200,6.5
96,Fine,WoodBall,200,6
97,Fine,SteelBall,25,7
98,Fine,SteelBall,25,7
99,Fine,SteelBall,25,6.75
100,Fine,SteelBall,50,7.75
101,Fine,SteelBall,50,7.5
102,Fine,SteelBall,50,8
103,Fine,SteelBall,75,8.5
104,Fine,SteelBall,75,8.5
105,Fine,SteelBall,75,7.5
106,Fine,SteelBall,100,9.8
107,Fine,SteelBall,100,8.5
108,Fine,SteelBall,100,9.5
109,Fine,SteelBall,125,9.5
110,Fine,SteelBall,125,9
111,Fine,SteelBall,125,9.5
112,Fine,SteelBall,150,9.5
113,Fine,SteelBall,150,9
114,Fine,SteelBall,150,10
115,Fine,SteelBall,175,9
116,Fine,SteelBall,175,10
117,Fine,SteelBall,175,10.5
118,Fine,SteelBall,200,10.2
119,Fine,SteelBall,200,11
120,Fine,SteelBall,200,10
121,Fine,GlassBall,25,5.5
122,Fine,GlassBall,25,5.6
123,Fine,GlassBall,25,5.5
124,Fine,GlassBall,50,6.2
125,Fine,GlassBall,50,6
126,Fine,GlassBall,50,6
127,Fine,GlassBall,75,6
128,Fine,GlassBall,75,6.5
129,Fine,GlassBall,75,6.5
130,Fine,GlassBall,100,7
131,Fine,GlassBall,100,7.2
132,Fine,GlassBall,100,7.5
133,Fine,GlassBall,125,7.5
134,Fine,GlassBall,125,6.8
135,Fine,GlassBall,125,7.5
136,Fine,GlassBall,150,7.8
137,Fine,GlassBall,150,7.5
138,Fine,GlassBall,150,7.8
139,Fine,GlassBall,175,7.5
140,Fine,GlassBall,175,8
141,Fine,GlassBall,175,8
142,Fine,GlassBall,200,8
143,Fine,GlassBall,200,8.5
144,Fine,GlassBall,200,8.5
