Restaurant,Item,Type,Breakfast,ServingSize,Calories,TotalFat,SaturatedFat,Cholesterol,Sodium,TotalCarbs,Fiber,Sugar,Protein
Subway,BLT,Sub,No,151,320,9,4,20,680,43,5,6,15
Subway,Black Forest Ham,Sub,No,221,290,4.5,1,25,830,46,5,8,18
Subway,Buffalo Chicken,Sub,No,269,420,15,3,55,1130,46,5,8,25
Subway,Chicken Bacon Ranch Melt,Sub,No,293,570,28,10,95,1080,47,5,8,35
Subway,Cold Cut Combo,Sub,No,235,370,13,4,50,1140,46,5,7,18
Subway,Italian BMT,Sub,No,228,410,16,6,45,1300,46,5,8,20
Subway,Meatball Marinara,Sub,No,303,480,18,7,30,950,59,8,12,21
Subway,Oven Roasted Chicken,Sub,No,235,320,5,1.5,45,640,47,5,8,23
Subway,Roast Beef,Sub,No,235,320,5,1.5,45,700,45,5,7,24
Subway,Egg  Cheese,Sub,Yes,174,360,12,4.5,230,890,44,5,6,19
Subway,Spicy Italian,Sub,No,223,480,24,9,50,1520,46,5,8,20
Subway,Sunrise Subway Melt,Sub,No,274,470,17,7,260,1590,48,5,8,32
Subway,Tuna,Sub,No,235,470,24,4,35,620,44,5,6,20
Subway,Turkey Breast,Sub,No,221,280,3.5,1,20,810,46,5,7,18
Subway,Veggie Delite,Sub,No,164,230,2.5,0.5,0,310,44,5,6,8
Subway,Big Philly Cheesesteak,Sub,No,298,500,17,9,85,1310,51,6,8,38
Subway,Chicken Permesan,Sub,No,282,510,17,5,40,1080,62,6,9,26
Subway,Chicken Pizzlola Melt,Sub,No,291,450,15,6,75,1250,50,6,10,31
Subway,Chipotle Chicken  Cheese,Sub,No,267,450,18,5,70,940,46,5,7,27
Subway,Pizza Sub,Sub,No,197,490,24,10,55,1670,49,5,9,20
Subway,Smokehouse Chicken,Sub,No,258,380,6,1.5,30,950,57,5,8,32
Subway,Subway Club,Sub,No,241,310,4.5,1.5,40,880,46,5,7,23
Subway,Chipotle Steak Cheese with Avocado,Sub,No,304,560,28,8,60,1170,53,8,8,28
Subway,Jalapeno Tuna,Sub,No,243,470,24,4,30,760,44,5,6,20
Subway,Turkey Breast   Black Forest Ham,Sub,No,221,280,4,1,20,820,46,5,8,18
Subway,Sweet Onion Chicken Teriyaki,Sub,No,277,380,4.5,1,50,900,59,5,18,26
Subway,Subway Melt,Sub,No,241,370,11,5,45,1210,47,5,8,23
Subway,Breakfast BMT Melt,Sub,Yes,226,490,22,8,265,1630,46,5,8,28
Subway,Bacon Egg Cheese,Sub,Yes,183,410,16,6,240,1080,45,5,6,23
A&W,Papa Burger,Sandwich,No,282,690,39,14,145,1350,44,4,8,40
A&W,Papa Single Burger,Sandwich,No,206,470,25,8,75,1000,38,4,7,23
A&W,Original Bacon Double Cheeseburger,Sandwich,No,297,760,45,17,165,1570,45,4,8,44
A&W,Original Double Cheeseburger,Sandwich,No,282,680,38,14,150,1330,44,4,7,40
A&W,Original Bacon Cheeseburger,Sandwich,No,217,530,30,10,90,1160,39,4,7,26
A&W,Hamburger,Sandwich,No,155,380,19,6,55,860,33,3,6,21
A&W,Cheeseburger,Sandwich,No,169,420,21,7,70,1040,37,4,6,23
A&W,Grilled Chicken Sandwich,Sandwich,No,207,400,15,3,90,820,31,4,7,35
A&W,Crispy Chicken Sandwich,Sandwich,No,213,550,25,4.5,65,1130,52,5,6,30
A&W,Chicken Strips 3 pieces,Other,No,159,500,29,5,55,1050,32,2,2,28
A&W,Crunchy Shrimp,Other,No,119,340,19,5,110,820,34,2,1,13
A&W,Hot Dog (plain),Other,No,53,310,19,8,0,740,23,1,4,11
A&W,Coney (Chili) Dog,Other,No,88,340,20,9,5,900,26,2,5,14
A&W,Coney (Chili) Cheese Dog,Other,No,117,380,23,9,10,1100,28,2,5,14
A&W,Cheese Dog,Other,No,88,350,22,9,5,940,26,1,4,12
A&W,French Fries (Regular),Side,No,113,310,12,3,0,460,45,4,0,3
A&W,French Fries (Large),Side,No,156,430,17,4,0,640,61,6,1,5
A&W,Corn Dog Nuggets (Regular),Other,No,112,280,13,3,45,830,32,2,9,9
A&W,Chili Cheese Fries,Side,No,198,410,17,5,10,990,52,5,2,8
A&W,Cheese Fries,Side,No,170,390,18,4.5,5,870,50,4,0,4
A&W,Chili Fries,Side,No,170,370,15,4,10,790,49,5,2,8
A&W,Breaded Onion Rings (Regular),Side,No,113,350,16,3.5,0,710,45,2,3,5
A&W,Cheese Curds (Regular),Side,No,142,570,40,21,105,1220,27,2,3,27
A&W,Chili,Side,No,225,190,6,2,20,640,22,5,9,12
A&W,Vanilla Cone (regular),Dessert,No,113,200,5,3,20,115,32,0,22,6
A&W,Strawberry Sundae,Dessert,No,189,300,8,4,30,140,47,0,12,7
A&W,Chocolate Sundae,Dessert,No,189,320,8,4,30,180,53,0,15,8
A&W,Hot Fudge Sundae,Dessert,No,189,350,11,6,30,140,54,1,15,8
A&W,Caramel Sundae,Dessert,No,189,340,9,4,35,250,57,0,13,8
Wendys,Daves Hot N Juicy 1/4 lb Single,Sandwich,No,250,580,33,14,105,1240,42,3,10,31
Wendys,Daves Hot N Juicy 1/2 lb Double,Sandwich,No,332,800,48,21,175,1530,42,3,10,50
Wendys,Daves Hot N Juicy 3/4 lb Triple,Sandwich,No,426,1060,67,30,255,2020,42,3,10,72
Wendys,Baja Salad Half Size,Salad,No,341,470,31,10,60,1140,31,7,8,18
Wendys,Asiago Ranch Chicken Club,Sandwich,No,291,740,38,12,105,1780,59,4,9,39
Wendys,Baconator,Sandwich,No,304,970,63,27,210,2020,40,2,10,60
Wendys,Baconator Single,Sandwich,No,206,660,40,17,120,1440,40,2,9,36
Wendys,Son of Baconator ,Sandwich,No,218,700,43,18,139,1760,40,2,9,39
Wendys,Jr Bacon Cheeseburger,Sandwich,No,153,400,24,9,65,930,25,2,5,21
Wendys,Jr Cheeseburger Deluxe,Sandwich,No,157,350,19,7,55,850,27,2,6,17
Wendys,J Hamburger,Sandwich,No,102,250,10,4,35,620,25,1,5,15
Wendys,5 piece Chicken Nuggets,Other,No,75,220,14,3,35,460,13,1,0,10
Wendys,10 piece Chicken Nuggets,Other,No,150,450,29,6,65,930,26,2,0,21
Wendys,Grilled Chicken Go Wrap ,Wrap,No,127,260,10,3.5,55,630,25,1,3,19
Wendys,Crispy Chicken Caesar Wrap,Wrap,No,157,430,25,7,45,950,35,2,1,17
Wendys,Spicy Chicken Go Wrap,Wrap,No,135,340,16,4.5,45,770,31,1,1,17
Wendys,Crispy Chicken Sandwich,Sandwich,No,142,380,20,4,35,720,37,2,4,15
Wendys,Home Style Chicken Fillet,Sandwich,No,250,560,23,6,70,1290,57,4,8,30
Wendys,Spicy Chicken sandwich,Sandwich,No,247,530,22,6,75,1140,55,3,8,31
Wendys,Apple Pecan Chicken Salad Half-Size,Salad,No,244,340,18,4.5,60,700,29,4,22,19
Wendys,Apple Pecan Chicken Salad full-Size,Salad,No,434,570,27,8,115,1340,51,6,39,37
Wendys,Spicy Chicken Caesar Salad Half-Size,Salad,No,271,440,26,8,60,1020,29,4,4,23
Wendys,Spicy Chicken Caesar Salad full-Size,Salad,No,435,770,49,16,115,1810,42,6,5,43
Wendys,Garden Side Salad,Salad,No,148,210,13,2,10,400,19,2,4,4
Wendys,Broccoli Cheese Potato,Side,No,424,470,15,8,40,690,69,8,5,16
Wendys,Bacon Cheese Potato,Side,No,388,580,25,12,65,1080,67,7,5,21
Wendys,Sour Cream and Chive Potato,Side,No,308,320,3.5,2,10,50,63,7,4,8
Wendys,Small Chill,Side,No,227,210,6,2.5,40,880,21,6,6,17
McDonalds,Angus Deluxe Snack Wrap,Wrap,No,170,410,25,10,75,990,27,2,3,20
McDonalds,Chicken Selects Premium Breast Strips (3 pc),Other,No,124,380,23,3.5,55,750,21,1,0,23
McDonalds,Cheeseburger,Sandwich,No,115,300,12,6,40,720,33,2,7,15
McDonalds,Southern Style Crispy Chicken Sandwich,Sandwich,No,159,420,19,3,45,900,43,2,7,21
McDonalds,Premium Crispy Chicken Club Sandwich,Sandwich,No,237,620,29,7,70,1200,57,3,11,31
McDonalds,McRib,Sandwich,No,209,500,26,10,70,980,44,3,11,22
McDonalds,Ranch Snack Wrap (Grilled),Wrap,No,118,270,12,4,45,700,25,1,2,16
McDonalds,McChicken,Sandwich,No,143,360,16,3,35,800,40,2,5,14
McDonalds,Big Mac,Sandwich,No,215,550,29,10,75,1000,46,3,9,25
McDonalds,Medium Fries,Side,No,117,380,19,2.5,0,270,48,5,0,4
McDonalds,Premium Bacon Ranch Salad (without chicken),Salad,No,223,140,7,3.5,25,300,10,3,4,9
McDonalds,Quarter Pounder with Cheese,Sandwich,No,202,520,26,12,90,1180,42,3,10,30
McDonalds,Honey Mustard Snack Wrap (Grilled),Wrap,No,116,250,8,3.5,45,650,27,1,4,16
McDonalds,Double Cheeseburger,Sandwich,No,165,440,23,11,80,1120,34,2,7,25
McDonalds,Filet-O-Fish,Sandwich,No,143,380,18,3.5,40,610,39,2,5,16
McDonalds,Chicken McNuggets (6 piece),Other,No,97,280,18,3,40,540,18,1,0,13
McDonalds,Side Salad,Salad,No,87,20,0,0,0,10,4,1,2,1
McDonalds,"Sausage, Egg and Cheese McGriddles",Sandwich,Yes,202,560,32,12,265,1360,48,2,15,20
McDonalds,Cinnamon Melts,Other,Yes,114,460,19,9,15,370,66,3,32,6
McDonalds,Angus Mushroom & Swiss,Sandwich,No,283,770,40,17,135,1170,59,4,8,44
McDonalds,Angus Bacon & Cheese Snack Wrap,Wrap,No,145,390,21,9,75,1080,28,1,4,21
McDonalds,Chipotle BBQ Snack Wrap (Crispy),Wrap,No,117,330,15,4.5,30,720,34,1,4,14
McDonalds,Egg McMuffin,Other,Yes,139,300,12,5,260,820,30,2,3,18
McDonalds,Premium Caesar Salad with Grilled Chicken,Salad,No,296,190,5,3,70,580,10,4,5,27
McDonalds,Fruit & Yogurt Parfait,Dessert,No,149,150,2,1,5,70,30,1,23,4
McDonalds,Spicy Chicken McBites Regular Size,Other,No,127,410,25,4.5,55,890,27,0,0,21
McDonalds,Baked Hot Apple Pie,Dessert,No,77,250,13,7,0,170,32,4,13,2
McDonalds,Hot Fudge Sundae,Dessert,No,179,330,9,7,25,170,53,1,48,8
Arbys,Angus Three Cheese & Bacon,Sandwich,No,267,640,33,12,105,1820,45,2,3,41
Arbys,Roast Beef Classic,Sandwich,No,154,350,12,4,45,950,39,2,5,23
Arbys,Shroom Swiss,Sandwich,No,219,510,25,8,60,2350,49,3,9,24
Arbys,Turkey Classic,Sandwich,No,154,290,5,1,40,1020,38,2,6,24
Arbys,Roast Turkey Ranch  Bacon Sandwich,Sandwich,No,344,800,36,9,105,2200,78,5,18,45
Arbys,Chopped Farmhouse Salad Crispy Chicken,Salad,No,337,430,24,9,65,1000,26,4,4,29
Arbys,Cravin Chicken Crispy,Sandwich,No,221,510,22,4,50,1110,51,4,7,26
Arbys,Jr Ham  Cheddar Melt,Sandwich,No,115,210,6,1.5,25,900,26,1,4,13
Arbys,Curly Fries Large,Side,No,201,630,35,5,0,1420,74,8,0,7
Arbys,Jr Turkey Cheese Sandwich,Sandwich,No,101,210,5,2,30,730,24,1,4,16
Arbys,Sausage Biscuit,Other,Yes,135,470,32,17,40,1280,34,1,4,13
Arbys,Chicken Cordon Bleu Crispy,Salad,No,241,620,32,7,90,1710,48,3,6,37
Arbys,Jalapeno Bites,Other,No,176,460,25,10,45,970,49,4,4,8
Arbys,Bacon Egg Cheese Croissant,Other,Yes,134,380,24,11,185,840,24,1,3,17
Arbys,Jr Roast Beef,Sandwich,No,87,210,6,2,25,520,25,1,3,12
Arbys,Potato Cakes,Other,No,200,460,27,4.5,0,930,50,5,0,3
Arbys,Apple Turnover,Dessert,No,128,430,18,9,0,210,64,2,39,4
Arbys,Prime Cut Chicken Tenders,Other,No,219,590,28,4,75,1610,42,4,0,42
Arbys,Chopped Farmhouse Salad  Roast Turkey,Salad,No,300,240,13,7,60,760,10,3,5,22
Arbys,Roast Turkey Swiss Wrap,Wrap,No,272,490,25,6,80,1550,39,7,6,34
Arbys,Grand Turkey Club,Sandwich,No,233,490,24,8,75,1440,38,2,8,29
Arbys,Deluxe Bacon Cheddar,Sandwich,No,216,420,17,8,60,1840,43,2,8,25
Arbys,Beef n Cheddar Max,Sandwich,No,329,650,29,10,10,2330,52,2,9,45
Arbys,Angus Philly,Sandwich,No,289,590,29,9,85,1760,48,3,4,34
Arbys,Chicken Bacon  Swiss Crispy,Sandwich,No,205,610,30,7,75,1400,51,3,8,33
Arbys,Mozzarella Sticks,Side,No,206,620,32,13,75,2530,52,3,6,32
Arbys,OutsideIn Cinnamon Bites,Dessert,No,85,300,15,4.5,10,480,36,2,11,5
Arbys,Ham Swiss Melt,Sandwich,No,131,300,9,3.5,35,1030,37,2,6,18
Pizza Hut,12 inch Medium Pizza Cheese Only,Pizza,No,91,240,10,4.5,25,530,27,1,2,11
Pizza Hut,12 inchMedium Pizza Pepperoni,Pizza,No,90,250,12,4.5,25,590,26,1,2,11
Pizza Hut,12 inch Medium Pizza Supreme,Pizza,No,112,290,14,5,30,650,27,2,2,12
Pizza Hut,12 inch Medium Pizza Pepperoni  Mushroom,Pizza,No,97,240,10,4,20,520,27,1,2,10
Pizza Hut,12 inch Medium Pizza Italian Sausage Red Onion,Pizza,No,106,270,13,4.5,25,560,28,1,3,11
Pizza Hut,12 inch Medium Pizza Ham Pineapple,Pizza,No,97,230,9,3.5,20,520,28,1,3,10
Pizza Hut,12 inch Medium Pizza Veggie Lovers,Pizza,No,107,230,9,3.5,15,500,28,2,3,9
Pizza Hut,12 inch Medium Pizza Meat Lovers,Pizza,No,113,330,18,7,40,830,27,1,2,14
Pizza Hut,12 inch Medium Pizza Pepperoni Lovers,Pizza,No,101,290,14,6,35,730,27,1,2,13
Pizza Hut,12 inch Medium Pizza Hawaiian Luau,Pizza,No,104,260,12,4.5,25,610,28,1,3,11
Pizza Hut,12 inch Medium Pizza Dans Original ,Pizza,No,110,280,14,5,30,630,27,1,2,12
Pizza Hut,12 inch Medium Pizza Triple Meat Italiano ,Pizza,No,103,290,15,5,30,700,27,1,2,13
Pizza Hut,12 inch Medium Pizza Spicy Sicilian ,Pizza,No,106,270,13,5,25,700,27,2,2,11
Pizza Hut,12 inch Medium Pizza Ultimate Cheese Lovers,Pizza,No,92,270,13,5,25,580,26,1,2,12
Pizza Hut,Chicken Alfredo,Other,No,282,580,32,9,50,1250,49,4,4,23
Pizza Hut,Meaty Marinara,Other,No,272,450,20,8,70,1100,44,5,8,22
Pizza Hut,All American Wings,Other,No,54,150,8,1.5,20,490,11,1,0,10
Pizza Hut,Buffalo Mild Wings,Other,No,73,190,9,1.5,20,1020,18,1,2,10
Pizza Hut,Buffalo Medium Wings,Other,No,73,190,9,1.5,20,990,18,1,2,10
Pizza Hut,Buffalo Burnin Hot Wings,Other,No,73,190,8,1.5,20,1000,18,1,2,10
Pizza Hut,Honey BBQ Wings,Other,No,82,220,8,1.5,20,720,27,1,12,10
Pizza Hut,Spicy Asian Wings,Other,No,80,210,8,1.5,20,690,24,1,13,10
Pizza Hut,Garlic Parmesan Wings,Other,No,71,260,19,3.5,20,710,11,1,1,11
Pizza Hut,Spicy BBQ Wings,Other,No,81,200,8,1.5,25,940,21,1,11,10
Pizza Hut,Lemon Pepper Wings,Other,No,72,200,12,2,20,620,18,1,7,10
Pizza Hut,Apple Pie,Dessert,No,87,330,17,5,0,190,40,2,20,2
Pizza Hut,Fried Cheese Sticks,Side,No,119,380,24,9,40,1020,29,2,3,13
Pizza Hut,Wedge Fries,Side,No,123,320,18,3.5,0,530,35,3,0,4
Pizza Hut,Cinnamon Sticks,Dessert,No,55,160,4.5,0.5,0,210,26,1,8,4
Pizza Hut,Cheese Breadsticks,Side,No,56,170,6,2.5,15,390,20,1,2,8
Burger King,BK double stacker,Sandwich,No,152,620,39,15,90,820,32,1,7,31
Burger King,BK triple stackers,Sandwich,No,196,820,55,22,130,1040,33,1,7,44
Burger King,cheeseburger,Sandwich,No,116,340,16,8,40,690,31,1,5,23
Burger King,double cheeseburger,Sandwich,No,148,510,29,13,70,720,31,1,6,27
Burger King,hamburger,Sandwich,No,101,290,12,4,30,460,30,1,5,14
Burger King,Original chicken  sandwich,Sandwich,No,218,630,39,7,65,1390,46,3,7,29
Burger King,BK Big Fish Sandwich,Sandwich,No,203,640,32,5,30,1380,66,2,9,23
Burger King,Spicy ChickN Crisp,Sandwich,No,134,450,30,5,30,830,34,2,4,13
Burger King,Tendercrisp Chicken,Sandwich,No,264,800,46,8,70,1560,68,3,9,32
Burger King,Tendergrill Chicken,Sandwich,No,253,490,21,4,85,1330,51,2,7,26
Burger King,Whopper,Sandwich,No,290,680,40,11,75,980,51,3,11,40
Burger King,Double Whopper,Sandwich,No,373,920,58,19,140,1050,51,3,11,58
Burger King,Triple Whopper,Sandwich,No,455,1160,76,27,205,1110,51,3,11,68
Burger King,Whopper JR,Sandwich,No,147,370,21,5,40,520,31,1,6,14
Burger King,Chicken tenders,Other,No,135,370,21,4,30,1400,25,1,0,16
Burger King,Country Pork Sandwich,Sandwich,No,298,690,34,9,75,1910,51,4,10,28
Burger King,small French Fries,Side,No,128,340,17,3.5,0,480,44,0,0,4
Burger King,medium French Fries,Side,No,153,480,23,4.5,0,570,61,0,0,5
Burger King,large French fries,Side,No,190,580,28,6,0,710,74,0,0,6
Burger King,small Onion Rings,Side,No,91,310,17,3,0,840,36,0,4,4
Burger King,medium Onion Rings,Side,No,117,450,24,3.5,0,1080,52,0,5,5
Burger King,large Onion Rings,Side,No,142,510,27,4.5,0,1310,60,0,7,6
Burger King,Dutch Apple Pie,Dessert,No,107,320,13,6,0,310,47,1,23,2
Burger King,Hersheys Sundae Pie,Dessert,No,79,310,19,12,10,220,32,1,22,3
